COUNTY,RACE,YEAR,POP
15County,AA,2010,121054
15County,AA,2011,63769
15County,AA,2012,66927
15County,AA,2013,71774
15County,AA,2014,77219
15County,AA,2015,83437
15County,AA,2016,89657
15County,AA,2017,96214
15County,AA,2018,101478
15County,AA,2019,106919
15County,AA,2020,221008
15County,AA,2021,113359
15County,AA,2022,117839
15County,AA,2023,122008
15County,BA,2010,579812
15County,BA,2011,296211
15County,BA,2012,303239
15County,BA,2013,311240
15County,BA,2014,320140
15County,BA,2015,328658
15County,BA,2016,337482
15County,BA,2017,347669
15County,BA,2018,356018
15County,BA,2019,363264
15County,BA,2020,737021
15County,BA,2021,375018
15County,BA,2022,383184
15County,BA,2023,392641
15County,HAA,2010,1716
15County,HAA,2011,863
15County,HAA,2012,853
15County,HAA,2013,902
15County,HAA,2014,904
15County,HAA,2015,901
15County,HAA,2016,883
15County,HAA,2017,924
15County,HAA,2018,918
15County,HAA,2019,975
15County,HAA,2020,2115
15County,HAA,2021,1083
15County,HAA,2022,1113
15County,HAA,2023,1131
15County,HBA,2010,12768
15County,HBA,2011,6705
15County,HBA,2012,7035
15County,HBA,2013,7439
15County,HBA,2014,7898
15County,HBA,2015,8331
15County,HBA,2016,8870
15County,HBA,2017,9326
15County,HBA,2018,9920
15County,HBA,2019,10335
15County,HBA,2020,22703
15County,HBA,2021,12352
15County,HBA,2022,12850
15County,HBA,2023,13493
15County,HIA,2010,3851
15County,HIA,2011,1949
15County,HIA,2012,1996
15County,HIA,2013,2035
15County,HIA,2014,2104
15County,HIA,2015,2168
15County,HIA,2016,2225
15County,HIA,2017,2347
15County,HIA,2018,2435
15County,HIA,2019,2514
15County,HIA,2020,5455
15County,HIA,2021,2977
15County,HIA,2022,3289
15County,HIA,2023,3603
15County,HNA,2010,635
15County,HNA,2011,313
15County,HNA,2012,319
15County,HNA,2013,307
15County,HNA,2014,300
15County,HNA,2015,301
15County,HNA,2016,305
15County,HNA,2017,317
15County,HNA,2018,345
15County,HNA,2019,336
15County,HNA,2020,659
15County,HNA,2021,320
15County,HNA,2022,346
15County,HNA,2023,354
15County,HTOM,2010,7163
15County,HTOM,2011,3786
15County,HTOM,2012,3937
15County,HTOM,2013,4107
15County,HTOM,2014,4321
15County,HTOM,2015,4482
15County,HTOM,2016,4708
15County,HTOM,2017,5006
15County,HTOM,2018,5284
15County,HTOM,2019,5542
15County,HTOM,2020,12020
15County,HTOM,2021,6495
15County,HTOM,2022,6919
15County,HTOM,2023,7365
15County,HWA,2010,116716
15County,HWA,2011,59885
15County,HWA,2012,61682
15County,HWA,2013,63910
15County,HWA,2014,66174
15County,HWA,2015,68671
15County,HWA,2016,71304
15County,HWA,2017,74520
15County,HWA,2018,77318
15County,HWA,2019,80485
15County,HWA,2020,177829
15County,HWA,2021,97147
15County,HWA,2022,100559
15County,HWA,2023,104503
15County,IA,2010,12627
15County,IA,2011,6328
15County,IA,2012,6465
15County,IA,2013,6622
15County,IA,2014,6704
15County,IA,2015,6806
15County,IA,2016,6914
15County,IA,2017,7107
15County,IA,2018,7241
15County,IA,2019,7340
15County,IA,2020,15140
15County,IA,2021,7842
15County,IA,2022,8164
15County,IA,2023,8482
15County,NHAA,2010,119338
15County,NHAA,2011,62906
15County,NHAA,2012,66074
15County,NHAA,2013,70872
15County,NHAA,2014,76315
15County,NHAA,2015,82536
15County,NHAA,2016,88774
15County,NHAA,2017,95290
15County,NHAA,2018,100560
15County,NHAA,2019,105944
15County,NHAA,2020,218893
15County,NHAA,2021,112276
15County,NHAA,2022,116726
15County,NHAA,2023,120877
15County,NHBA,2010,567044
15County,NHBA,2011,289506
15County,NHBA,2012,296204
15County,NHBA,2013,303801
15County,NHBA,2014,312242
15County,NHBA,2015,320327
15County,NHBA,2016,328612
15County,NHBA,2017,338343
15County,NHBA,2018,346098
15County,NHBA,2019,352929
15County,NHBA,2020,714318
15County,NHBA,2021,362666
15County,NHBA,2022,370334
15County,NHBA,2023,379148
15County,NHIA,2010,8776
15County,NHIA,2011,4379
15County,NHIA,2012,4469
15County,NHIA,2013,4587
15County,NHIA,2014,4600
15County,NHIA,2015,4638
15County,NHIA,2016,4689
15County,NHIA,2017,4760
15County,NHIA,2018,4806
15County,NHIA,2019,4826
15County,NHIA,2020,9685
15County,NHIA,2021,4865
15County,NHIA,2022,4875
15County,NHIA,2023,4879
15County,NHNA,2010,1895
15County,NHNA,2011,940
15County,NHNA,2012,945
15County,NHNA,2013,941
15County,NHNA,2014,960
15County,NHNA,2015,963
15County,NHNA,2016,982
15County,NHNA,2017,993
15County,NHNA,2018,1028
15County,NHNA,2019,1066
15County,NHNA,2020,2100
15County,NHNA,2021,1027
15County,NHNA,2022,1014
15County,NHNA,2023,1006
15County,NHTOM,2010,89033
15County,NHTOM,2011,46364
15County,NHTOM,2012,47796
15County,NHTOM,2013,49902
15County,NHTOM,2014,51680
15County,NHTOM,2015,53635
15County,NHTOM,2016,55711
15County,NHTOM,2017,57668
15County,NHTOM,2018,59544
15County,NHTOM,2019,61452
15County,NHTOM,2020,126355
15County,NHTOM,2021,65064
15County,NHTOM,2022,66957
15County,NHTOM,2023,68867
15County,NHWA,2010,3444351
15County,NHWA,2011,1728953
15County,NHWA,2012,1734915
15County,NHWA,2013,1744112
15County,NHWA,2014,1753006
15County,NHWA,2015,1759007
15County,NHWA,2016,1763608
15County,NHWA,2017,1772219
15County,NHWA,2018,1775539
15County,NHWA,2019,1777092
15County,NHWA,2020,3546608
15County,NHWA,2021,1760100
15County,NHWA,2022,1756291
15County,NHWA,2023,1754591
15County,TOM,2010,96196
15County,TOM,2011,50150
15County,TOM,2012,51733
15County,TOM,2013,54009
15County,TOM,2014,56001
15County,TOM,2015,58117
15County,TOM,2016,60419
15County,TOM,2017,62674
15County,TOM,2018,64828
15County,TOM,2019,66994
15County,TOM,2020,138375
15County,TOM,2021,71559
15County,TOM,2022,73876
15County,TOM,2023,76232
15County,TOT,2010,4373286
15County,TOT,2011,2206549
15County,TOT,2012,2226225
15County,TOT,2013,2252915
15County,TOT,2014,2280504
15County,TOT,2015,2305960
15County,TOT,2016,2330671
15County,TOT,2017,2361713
15County,TOT,2018,2383795
15County,TOT,2019,2403496
15County,TOT,2020,4838740
15County,TOT,2021,2426372
15County,TOT,2022,2441273
15County,TOT,2023,2459817
15County,WA,2010,3561067
15County,WA,2011,1788838
15County,WA,2012,1796597
15County,WA,2013,1808022
15County,WA,2014,1819180
15County,WA,2015,1827678
15County,WA,2016,1834912
15County,WA,2017,1846739
15County,WA,2018,1852857
15County,WA,2019,1857577
15County,WA,2020,3724437
15County,WA,2021,1857247
15County,WA,2022,1856850
15County,WA,2023,1859094
Delaware,AA,2010,15372
Delaware,AA,2011,8299
Delaware,AA,2012,8695
Delaware,AA,2013,9463
Delaware,AA,2014,10348
Delaware,AA,2015,11379
Delaware,AA,2016,12525
Delaware,AA,2017,13703
Delaware,AA,2018,14937
Delaware,AA,2019,16434
Delaware,AA,2020,35221
Delaware,AA,2021,18778
Delaware,AA,2022,20384
Delaware,AA,2023,22140
Delaware,BA,2010,11938
Delaware,BA,2011,6126
Delaware,BA,2012,6186
Delaware,BA,2013,6348
Delaware,BA,2014,6473
Delaware,BA,2015,6670
Delaware,BA,2016,7049
Delaware,BA,2017,7459
Delaware,BA,2018,7863
Delaware,BA,2019,8320
Delaware,BA,2020,17705
Delaware,BA,2021,9651
Delaware,BA,2022,10554
Delaware,BA,2023,11265
Delaware,HAA,2010,118
Delaware,HAA,2011,66
Delaware,HAA,2012,74
Delaware,HAA,2013,76
Delaware,HAA,2014,80
Delaware,HAA,2015,87
Delaware,HAA,2016,91
Delaware,HAA,2017,89
Delaware,HAA,2018,89
Delaware,HAA,2019,95
Delaware,HAA,2020,224
Delaware,HAA,2021,124
Delaware,HAA,2022,144
Delaware,HAA,2023,137
Delaware,HBA,2010,210
Delaware,HBA,2011,125
Delaware,HBA,2012,138
Delaware,HBA,2013,162
Delaware,HBA,2014,176
Delaware,HBA,2015,198
Delaware,HBA,2016,258
Delaware,HBA,2017,260
Delaware,HBA,2018,302
Delaware,HBA,2019,337
Delaware,HBA,2020,739
Delaware,HBA,2021,416
Delaware,HBA,2022,422
Delaware,HBA,2023,446
Delaware,HIA,2010,185
Delaware,HIA,2011,93
Delaware,HIA,2012,108
Delaware,HIA,2013,110
Delaware,HIA,2014,99
Delaware,HIA,2015,114
Delaware,HIA,2016,133
Delaware,HIA,2017,134
Delaware,HIA,2018,142
Delaware,HIA,2019,146
Delaware,HIA,2020,348
Delaware,HIA,2021,196
Delaware,HIA,2022,220
Delaware,HIA,2023,225
Delaware,HNA,2010,20
Delaware,HNA,2011,14
Delaware,HNA,2012,14
Delaware,HNA,2013,19
Delaware,HNA,2014,16
Delaware,HNA,2015,20
Delaware,HNA,2016,19
Delaware,HNA,2017,21
Delaware,HNA,2018,25
Delaware,HNA,2019,26
Delaware,HNA,2020,70
Delaware,HNA,2021,37
Delaware,HNA,2022,44
Delaware,HNA,2023,46
Delaware,HTOM,2010,320
Delaware,HTOM,2011,177
Delaware,HTOM,2012,174
Delaware,HTOM,2013,193
Delaware,HTOM,2014,200
Delaware,HTOM,2015,224
Delaware,HTOM,2016,230
Delaware,HTOM,2017,233
Delaware,HTOM,2018,252
Delaware,HTOM,2019,266
Delaware,HTOM,2020,600
Delaware,HTOM,2021,344
Delaware,HTOM,2022,377
Delaware,HTOM,2023,395
Delaware,HWA,2010,6583
Delaware,HWA,2011,3417
Delaware,HWA,2012,3623
Delaware,HWA,2013,3770
Delaware,HWA,2014,3960
Delaware,HWA,2015,4036
Delaware,HWA,2016,4288
Delaware,HWA,2017,4444
Delaware,HWA,2018,4744
Delaware,HWA,2019,4977
Delaware,HWA,2020,11187
Delaware,HWA,2021,6210
Delaware,HWA,2022,6616
Delaware,HWA,2023,6864
Delaware,IA,2010,627
Delaware,IA,2011,326
Delaware,IA,2012,354
Delaware,IA,2013,381
Delaware,IA,2014,380
Delaware,IA,2015,390
Delaware,IA,2016,410
Delaware,IA,2017,415
Delaware,IA,2018,431
Delaware,IA,2019,440
Delaware,IA,2020,970
Delaware,IA,2021,511
Delaware,IA,2022,548
Delaware,IA,2023,563
Delaware,NHAA,2010,15254
Delaware,NHAA,2011,8233
Delaware,NHAA,2012,8621
Delaware,NHAA,2013,9387
Delaware,NHAA,2014,10268
Delaware,NHAA,2015,11292
Delaware,NHAA,2016,12434
Delaware,NHAA,2017,13614
Delaware,NHAA,2018,14848
Delaware,NHAA,2019,16339
Delaware,NHAA,2020,34997
Delaware,NHAA,2021,18654
Delaware,NHAA,2022,20240
Delaware,NHAA,2023,22003
Delaware,NHBA,2010,11728
Delaware,NHBA,2011,6001
Delaware,NHBA,2012,6048
Delaware,NHBA,2013,6186
Delaware,NHBA,2014,6297
Delaware,NHBA,2015,6472
Delaware,NHBA,2016,6791
Delaware,NHBA,2017,7199
Delaware,NHBA,2018,7561
Delaware,NHBA,2019,7983
Delaware,NHBA,2020,16966
Delaware,NHBA,2021,9235
Delaware,NHBA,2022,10132
Delaware,NHBA,2023,10819
Delaware,NHIA,2010,442
Delaware,NHIA,2011,233
Delaware,NHIA,2012,246
Delaware,NHIA,2013,271
Delaware,NHIA,2014,281
Delaware,NHIA,2015,276
Delaware,NHIA,2016,277
Delaware,NHIA,2017,281
Delaware,NHIA,2018,289
Delaware,NHIA,2019,294
Delaware,NHIA,2020,622
Delaware,NHIA,2021,315
Delaware,NHIA,2022,328
Delaware,NHIA,2023,338
Delaware,NHNA,2010,100
Delaware,NHNA,2011,58
Delaware,NHNA,2012,58
Delaware,NHNA,2013,64
Delaware,NHNA,2014,65
Delaware,NHNA,2015,63
Delaware,NHNA,2016,70
Delaware,NHNA,2017,77
Delaware,NHNA,2018,85
Delaware,NHNA,2019,94
Delaware,NHNA,2020,193
Delaware,NHNA,2021,105
Delaware,NHNA,2022,118
Delaware,NHNA,2023,110
Delaware,NHTOM,2010,5523
Delaware,NHTOM,2011,2896
Delaware,NHTOM,2012,3028
Delaware,NHTOM,2013,3199
Delaware,NHTOM,2014,3354
Delaware,NHTOM,2015,3509
Delaware,NHTOM,2016,3631
Delaware,NHTOM,2017,3825
Delaware,NHTOM,2018,3981
Delaware,NHTOM,2019,4015
Delaware,NHTOM,2020,8450
Delaware,NHTOM,2021,4539
Delaware,NHTOM,2022,4782
Delaware,NHTOM,2023,5071
Delaware,NHWA,2010,309881
Delaware,NHWA,2011,157271
Delaware,NHWA,2012,159102
Delaware,NHWA,2013,162108
Delaware,NHWA,2014,164853
Delaware,NHWA,2015,167333
Delaware,NHWA,2016,169220
Delaware,NHWA,2017,170980
Delaware,NHWA,2018,173029
Delaware,NHWA,2019,175196
Delaware,NHWA,2020,354324
Delaware,NHWA,2021,181107
Delaware,NHWA,2022,183103
Delaware,NHWA,2023,185182
Delaware,TOM,2010,5843
Delaware,TOM,2011,3073
Delaware,TOM,2012,3202
Delaware,TOM,2013,3392
Delaware,TOM,2014,3554
Delaware,TOM,2015,3733
Delaware,TOM,2016,3861
Delaware,TOM,2017,4058
Delaware,TOM,2018,4233
Delaware,TOM,2019,4281
Delaware,TOM,2020,9050
Delaware,TOM,2021,4883
Delaware,TOM,2022,5159
Delaware,TOM,2023,5466
Delaware,TOT,2010,350364
Delaware,TOT,2011,178584
Delaware,TOT,2012,181234
Delaware,TOT,2013,185545
Delaware,TOT,2014,189649
Delaware,TOT,2015,193624
Delaware,TOT,2016,197442
Delaware,TOT,2017,201157
Delaware,TOT,2018,205347
Delaware,TOT,2019,209768
Delaware,TOT,2020,428720
Delaware,TOT,2021,221282
Delaware,TOT,2022,226526
Delaware,TOT,2023,231636
Delaware,WA,2010,316464
Delaware,WA,2011,160688
Delaware,WA,2012,162725
Delaware,WA,2013,165878
Delaware,WA,2014,168813
Delaware,WA,2015,171369
Delaware,WA,2016,173508
Delaware,WA,2017,175424
Delaware,WA,2018,177773
Delaware,WA,2019,180173
Delaware,WA,2020,365511
Delaware,WA,2021,187317
Delaware,WA,2022,189719
Delaware,WA,2023,192046
Fairfield,AA,2010,3352
Fairfield,AA,2011,1748
Fairfield,AA,2012,1789
Fairfield,AA,2013,1895
Fairfield,AA,2014,1941
Fairfield,AA,2015,2018
Fairfield,AA,2016,2235
Fairfield,AA,2017,2496
Fairfield,AA,2018,2793
Fairfield,AA,2019,3077
Fairfield,AA,2020,6919
Fairfield,AA,2021,3871
Fairfield,AA,2022,4715
Fairfield,AA,2023,5356
Fairfield,BA,2010,17780
Fairfield,BA,2011,9287
Fairfield,BA,2012,9610
Fairfield,BA,2013,10237
Fairfield,BA,2014,10820
Fairfield,BA,2015,11110
Fairfield,BA,2016,11769
Fairfield,BA,2017,12525
Fairfield,BA,2018,13001
Fairfield,BA,2019,13852
Fairfield,BA,2020,29790
Fairfield,BA,2021,15872
Fairfield,BA,2022,16875
Fairfield,BA,2023,17992
Fairfield,HAA,2010,57
Fairfield,HAA,2011,29
Fairfield,HAA,2012,29
Fairfield,HAA,2013,34
Fairfield,HAA,2014,33
Fairfield,HAA,2015,29
Fairfield,HAA,2016,31
Fairfield,HAA,2017,36
Fairfield,HAA,2018,36
Fairfield,HAA,2019,36
Fairfield,HAA,2020,91
Fairfield,HAA,2021,52
Fairfield,HAA,2022,50
Fairfield,HAA,2023,59
Fairfield,HBA,2010,331
Fairfield,HBA,2011,198
Fairfield,HBA,2012,208
Fairfield,HBA,2013,188
Fairfield,HBA,2014,251
Fairfield,HBA,2015,300
Fairfield,HBA,2016,353
Fairfield,HBA,2017,401
Fairfield,HBA,2018,459
Fairfield,HBA,2019,495
Fairfield,HBA,2020,1088
Fairfield,HBA,2021,582
Fairfield,HBA,2022,590
Fairfield,HBA,2023,593
Fairfield,HIA,2010,98
Fairfield,HIA,2011,46
Fairfield,HIA,2012,49
Fairfield,HIA,2013,62
Fairfield,HIA,2014,76
Fairfield,HIA,2015,80
Fairfield,HIA,2016,85
Fairfield,HIA,2017,97
Fairfield,HIA,2018,99
Fairfield,HIA,2019,111
Fairfield,HIA,2020,231
Fairfield,HIA,2021,144
Fairfield,HIA,2022,150
Fairfield,HIA,2023,162
Fairfield,HNA,2010,46
Fairfield,HNA,2011,21
Fairfield,HNA,2012,21
Fairfield,HNA,2013,21
Fairfield,HNA,2014,21
Fairfield,HNA,2015,21
Fairfield,HNA,2016,21
Fairfield,HNA,2017,21
Fairfield,HNA,2018,21
Fairfield,HNA,2019,28
Fairfield,HNA,2020,59
Fairfield,HNA,2021,34
Fairfield,HNA,2022,35
Fairfield,HNA,2023,41
Fairfield,HTOM,2010,307
Fairfield,HTOM,2011,159
Fairfield,HTOM,2012,165
Fairfield,HTOM,2013,175
Fairfield,HTOM,2014,199
Fairfield,HTOM,2015,191
Fairfield,HTOM,2016,207
Fairfield,HTOM,2017,230
Fairfield,HTOM,2018,243
Fairfield,HTOM,2019,249
Fairfield,HTOM,2020,557
Fairfield,HTOM,2021,289
Fairfield,HTOM,2022,301
Fairfield,HTOM,2023,328
Fairfield,HWA,2010,4258
Fairfield,HWA,2011,2177
Fairfield,HWA,2012,2251
Fairfield,HWA,2013,2348
Fairfield,HWA,2014,2437
Fairfield,HWA,2015,2473
Fairfield,HWA,2016,2560
Fairfield,HWA,2017,2622
Fairfield,HWA,2018,2742
Fairfield,HWA,2019,2863
Fairfield,HWA,2020,6122
Fairfield,HWA,2021,3206
Fairfield,HWA,2022,3362
Fairfield,HWA,2023,3558
Fairfield,IA,2010,648
Fairfield,IA,2011,343
Fairfield,IA,2012,343
Fairfield,IA,2013,364
Fairfield,IA,2014,384
Fairfield,IA,2015,383
Fairfield,IA,2016,390
Fairfield,IA,2017,421
Fairfield,IA,2018,405
Fairfield,IA,2019,408
Fairfield,IA,2020,828
Fairfield,IA,2021,434
Fairfield,IA,2022,433
Fairfield,IA,2023,455
Fairfield,NHAA,2010,3295
Fairfield,NHAA,2011,1719
Fairfield,NHAA,2012,1760
Fairfield,NHAA,2013,1861
Fairfield,NHAA,2014,1908
Fairfield,NHAA,2015,1989
Fairfield,NHAA,2016,2204
Fairfield,NHAA,2017,2460
Fairfield,NHAA,2018,2757
Fairfield,NHAA,2019,3041
Fairfield,NHAA,2020,6828
Fairfield,NHAA,2021,3819
Fairfield,NHAA,2022,4665
Fairfield,NHAA,2023,5297
Fairfield,NHBA,2010,17449
Fairfield,NHBA,2011,9089
Fairfield,NHBA,2012,9402
Fairfield,NHBA,2013,10049
Fairfield,NHBA,2014,10569
Fairfield,NHBA,2015,10810
Fairfield,NHBA,2016,11416
Fairfield,NHBA,2017,12124
Fairfield,NHBA,2018,12542
Fairfield,NHBA,2019,13357
Fairfield,NHBA,2020,28702
Fairfield,NHBA,2021,15290
Fairfield,NHBA,2022,16285
Fairfield,NHBA,2023,17399
Fairfield,NHIA,2010,550
Fairfield,NHIA,2011,297
Fairfield,NHIA,2012,294
Fairfield,NHIA,2013,302
Fairfield,NHIA,2014,308
Fairfield,NHIA,2015,303
Fairfield,NHIA,2016,305
Fairfield,NHIA,2017,324
Fairfield,NHIA,2018,306
Fairfield,NHIA,2019,297
Fairfield,NHIA,2020,597
Fairfield,NHIA,2021,290
Fairfield,NHIA,2022,283
Fairfield,NHIA,2023,293
Fairfield,NHNA,2010,82
Fairfield,NHNA,2011,39
Fairfield,NHNA,2012,49
Fairfield,NHNA,2013,54
Fairfield,NHNA,2014,52
Fairfield,NHNA,2015,51
Fairfield,NHNA,2016,52
Fairfield,NHNA,2017,52
Fairfield,NHNA,2018,57
Fairfield,NHNA,2019,69
Fairfield,NHNA,2020,139
Fairfield,NHNA,2021,73
Fairfield,NHNA,2022,73
Fairfield,NHNA,2023,69
Fairfield,NHTOM,2010,5002
Fairfield,NHTOM,2011,2561
Fairfield,NHTOM,2012,2593
Fairfield,NHTOM,2013,2671
Fairfield,NHTOM,2014,2762
Fairfield,NHTOM,2015,2841
Fairfield,NHTOM,2016,2950
Fairfield,NHTOM,2017,3016
Fairfield,NHTOM,2018,3208
Fairfield,NHTOM,2019,3326
Fairfield,NHTOM,2020,6899
Fairfield,NHTOM,2021,3525
Fairfield,NHTOM,2022,3801
Fairfield,NHTOM,2023,4026
Fairfield,NHWA,2010,261284
Fairfield,NHWA,2011,130845
Fairfield,NHWA,2012,130493
Fairfield,NHWA,2013,131055
Fairfield,NHWA,2014,131784
Fairfield,NHWA,2015,132222
Fairfield,NHWA,2016,132645
Fairfield,NHWA,2017,133335
Fairfield,NHWA,2018,133592
Fairfield,NHWA,2019,133831
Fairfield,NHWA,2020,267844
Fairfield,NHWA,2021,133905
Fairfield,NHWA,2022,133361
Fairfield,NHWA,2023,133535
Fairfield,TOM,2010,5309
Fairfield,TOM,2011,2720
Fairfield,TOM,2012,2758
Fairfield,TOM,2013,2846
Fairfield,TOM,2014,2961
Fairfield,TOM,2015,3032
Fairfield,TOM,2016,3157
Fairfield,TOM,2017,3246
Fairfield,TOM,2018,3451
Fairfield,TOM,2019,3575
Fairfield,TOM,2020,7456
Fairfield,TOM,2021,3814
Fairfield,TOM,2022,4102
Fairfield,TOM,2023,4354
Fairfield,TOT,2010,292759
Fairfield,TOT,2011,147180
Fairfield,TOT,2012,147314
Fairfield,TOT,2013,148820
Fairfield,TOT,2014,150400
Fairfield,TOT,2015,151310
Fairfield,TOT,2016,152829
Fairfield,TOT,2017,154718
Fairfield,TOT,2018,156062
Fairfield,TOT,2019,157703
Fairfield,TOT,2020,319157
Fairfield,TOT,2021,161209
Fairfield,TOT,2022,162956
Fairfield,TOT,2023,165360
Fairfield,WA,2010,265542
Fairfield,WA,2011,133022
Fairfield,WA,2012,132744
Fairfield,WA,2013,133403
Fairfield,WA,2014,134221
Fairfield,WA,2015,134695
Fairfield,WA,2016,135205
Fairfield,WA,2017,135957
Fairfield,WA,2018,136334
Fairfield,WA,2019,136694
Fairfield,WA,2020,273966
Fairfield,WA,2021,137111
Fairfield,WA,2022,136723
Fairfield,WA,2023,137093
Fayette,AA,2010,332
Fayette,AA,2011,175
Fayette,AA,2012,182
Fayette,AA,2013,190
Fayette,AA,2014,214
Fayette,AA,2015,230
Fayette,AA,2016,253
Fayette,AA,2017,276
Fayette,AA,2018,281
Fayette,AA,2019,301
Fayette,AA,2020,637
Fayette,AA,2021,335
Fayette,AA,2022,362
Fayette,AA,2023,380
Fayette,BA,2010,1212
Fayette,BA,2011,614
Fayette,BA,2012,610
Fayette,BA,2013,634
Fayette,BA,2014,632
Fayette,BA,2015,625
Fayette,BA,2016,643
Fayette,BA,2017,657
Fayette,BA,2018,656
Fayette,BA,2019,655
Fayette,BA,2020,1437
Fayette,BA,2021,746
Fayette,BA,2022,725
Fayette,BA,2023,742
Fayette,HAA,2010,19
Fayette,HAA,2011,9
Fayette,HAA,2012,7
Fayette,HAA,2013,7
Fayette,HAA,2014,7
Fayette,HAA,2015,9
Fayette,HAA,2016,11
Fayette,HAA,2017,21
Fayette,HAA,2018,16
Fayette,HAA,2019,18
Fayette,HAA,2020,40
Fayette,HAA,2021,19
Fayette,HAA,2022,17
Fayette,HAA,2023,17
Fayette,HBA,2010,72
Fayette,HBA,2011,41
Fayette,HBA,2012,39
Fayette,HBA,2013,43
Fayette,HBA,2014,45
Fayette,HBA,2015,44
Fayette,HBA,2016,49
Fayette,HBA,2017,50
Fayette,HBA,2018,54
Fayette,HBA,2019,55
Fayette,HBA,2020,122
Fayette,HBA,2021,66
Fayette,HBA,2022,62
Fayette,HBA,2023,67
Fayette,HIA,2010,23
Fayette,HIA,2011,11
Fayette,HIA,2012,11
Fayette,HIA,2013,13
Fayette,HIA,2014,13
Fayette,HIA,2015,17
Fayette,HIA,2016,23
Fayette,HIA,2017,23
Fayette,HIA,2018,17
Fayette,HIA,2019,17
Fayette,HIA,2020,30
Fayette,HIA,2021,22
Fayette,HIA,2022,23
Fayette,HIA,2023,23
Fayette,HNA,2010,0
Fayette,HNA,2011,0
Fayette,HNA,2012,0
Fayette,HNA,2013,0
Fayette,HNA,2014,0
Fayette,HNA,2015,0
Fayette,HNA,2016,0
Fayette,HNA,2017,0
Fayette,HNA,2018,0
Fayette,HNA,2019,0
Fayette,HNA,2020,0
Fayette,HNA,2021,0
Fayette,HNA,2022,0
Fayette,HNA,2023,0
Fayette,HTOM,2010,27
Fayette,HTOM,2011,18
Fayette,HTOM,2012,15
Fayette,HTOM,2013,17
Fayette,HTOM,2014,23
Fayette,HTOM,2015,22
Fayette,HTOM,2016,22
Fayette,HTOM,2017,26
Fayette,HTOM,2018,29
Fayette,HTOM,2019,29
Fayette,HTOM,2020,53
Fayette,HTOM,2021,29
Fayette,HTOM,2022,44
Fayette,HTOM,2023,36
Fayette,HWA,2010,904
Fayette,HWA,2011,431
Fayette,HWA,2012,420
Fayette,HWA,2013,425
Fayette,HWA,2014,472
Fayette,HWA,2015,487
Fayette,HWA,2016,476
Fayette,HWA,2017,480
Fayette,HWA,2018,507
Fayette,HWA,2019,526
Fayette,HWA,2020,1109
Fayette,HWA,2021,579
Fayette,HWA,2022,581
Fayette,HWA,2023,583
Fayette,IA,2010,150
Fayette,IA,2011,74
Fayette,IA,2012,73
Fayette,IA,2013,73
Fayette,IA,2014,78
Fayette,IA,2015,79
Fayette,IA,2016,88
Fayette,IA,2017,90
Fayette,IA,2018,89
Fayette,IA,2019,85
Fayette,IA,2020,170
Fayette,IA,2021,88
Fayette,IA,2022,91
Fayette,IA,2023,89
Fayette,NHAA,2010,313
Fayette,NHAA,2011,166
Fayette,NHAA,2012,175
Fayette,NHAA,2013,183
Fayette,NHAA,2014,207
Fayette,NHAA,2015,221
Fayette,NHAA,2016,242
Fayette,NHAA,2017,255
Fayette,NHAA,2018,265
Fayette,NHAA,2019,283
Fayette,NHAA,2020,597
Fayette,NHAA,2021,316
Fayette,NHAA,2022,345
Fayette,NHAA,2023,363
Fayette,NHBA,2010,1140
Fayette,NHBA,2011,573
Fayette,NHBA,2012,571
Fayette,NHBA,2013,591
Fayette,NHBA,2014,587
Fayette,NHBA,2015,581
Fayette,NHBA,2016,594
Fayette,NHBA,2017,607
Fayette,NHBA,2018,602
Fayette,NHBA,2019,600
Fayette,NHBA,2020,1315
Fayette,NHBA,2021,680
Fayette,NHBA,2022,663
Fayette,NHBA,2023,675
Fayette,NHIA,2010,127
Fayette,NHIA,2011,63
Fayette,NHIA,2012,62
Fayette,NHIA,2013,60
Fayette,NHIA,2014,65
Fayette,NHIA,2015,62
Fayette,NHIA,2016,65
Fayette,NHIA,2017,67
Fayette,NHIA,2018,72
Fayette,NHIA,2019,68
Fayette,NHIA,2020,140
Fayette,NHIA,2021,66
Fayette,NHIA,2022,68
Fayette,NHIA,2023,66
Fayette,NHNA,2010,17
Fayette,NHNA,2011,9
Fayette,NHNA,2012,9
Fayette,NHNA,2013,9
Fayette,NHNA,2014,9
Fayette,NHNA,2015,8
Fayette,NHNA,2016,7
Fayette,NHNA,2017,8
Fayette,NHNA,2018,10
Fayette,NHNA,2019,9
Fayette,NHNA,2020,27
Fayette,NHNA,2021,13
Fayette,NHNA,2022,12
Fayette,NHNA,2023,10
Fayette,NHTOM,2010,924
Fayette,NHTOM,2011,468
Fayette,NHTOM,2012,469
Fayette,NHTOM,2013,487
Fayette,NHTOM,2014,485
Fayette,NHTOM,2015,538
Fayette,NHTOM,2016,573
Fayette,NHTOM,2017,593
Fayette,NHTOM,2018,624
Fayette,NHTOM,2019,609
Fayette,NHTOM,2020,1235
Fayette,NHTOM,2021,662
Fayette,NHTOM,2022,675
Fayette,NHTOM,2023,684
Fayette,NHWA,2010,54493
Fayette,NHWA,2011,27081
Fayette,NHWA,2012,26992
Fayette,NHWA,2013,26855
Fayette,NHWA,2014,26739
Fayette,NHWA,2015,26628
Fayette,NHWA,2016,26633
Fayette,NHWA,2017,26539
Fayette,NHWA,2018,26418
Fayette,NHWA,2019,26272
Fayette,NHWA,2020,52886
Fayette,NHWA,2021,26482
Fayette,NHWA,2022,26342
Fayette,NHWA,2023,26293
Fayette,TOM,2010,951
Fayette,TOM,2011,486
Fayette,TOM,2012,484
Fayette,TOM,2013,504
Fayette,TOM,2014,508
Fayette,TOM,2015,560
Fayette,TOM,2016,595
Fayette,TOM,2017,619
Fayette,TOM,2018,653
Fayette,TOM,2019,638
Fayette,TOM,2020,1288
Fayette,TOM,2021,691
Fayette,TOM,2022,719
Fayette,TOM,2023,720
Fayette,TOT,2010,58059
Fayette,TOT,2011,28870
Fayette,TOT,2012,28770
Fayette,TOT,2013,28690
Fayette,TOT,2014,28652
Fayette,TOT,2015,28617
Fayette,TOT,2016,28695
Fayette,TOT,2017,28669
Fayette,TOT,2018,28614
Fayette,TOT,2019,28486
Fayette,TOT,2020,57554
Fayette,TOT,2021,28934
Fayette,TOT,2022,28832
Fayette,TOT,2023,28817
Fayette,WA,2010,55397
Fayette,WA,2011,27512
Fayette,WA,2012,27412
Fayette,WA,2013,27280
Fayette,WA,2014,27211
Fayette,WA,2015,27115
Fayette,WA,2016,27109
Fayette,WA,2017,27019
Fayette,WA,2018,26925
Fayette,WA,2019,26798
Fayette,WA,2020,53995
Fayette,WA,2021,27061
Fayette,WA,2022,26923
Fayette,WA,2023,26876
Franklin,AA,2010,92644
Franklin,AA,2011,48630
Franklin,AA,2012,51191
Franklin,AA,2013,54796
Franklin,AA,2014,58904
Franklin,AA,2015,63542
Franklin,AA,2016,67783
Franklin,AA,2017,72099
Franklin,AA,2018,74658
Franklin,AA,2019,77159
Franklin,AA,2020,155868
Franklin,AA,2021,77816
Franklin,AA,2022,78230
Franklin,AA,2023,78246
Franklin,BA,2010,504245
Franklin,BA,2011,257727
Franklin,BA,2012,264183
Franklin,BA,2013,271242
Franklin,BA,2014,278966
Franklin,BA,2015,286810
Franklin,BA,2016,294176
Franklin,BA,2017,302442
Franklin,BA,2018,309929
Franklin,BA,2019,315509
Franklin,BA,2020,637858
Franklin,BA,2021,322691
Franklin,BA,2022,328829
Franklin,BA,2023,335106
Franklin,HAA,2010,1359
Franklin,HAA,2011,661
Franklin,HAA,2012,642
Franklin,HAA,2013,659
Franklin,HAA,2014,647
Franklin,HAA,2015,632
Franklin,HAA,2016,603
Franklin,HAA,2017,630
Franklin,HAA,2018,627
Franklin,HAA,2019,658
Franklin,HAA,2020,1398
Franklin,HAA,2021,711
Franklin,HAA,2022,714
Franklin,HAA,2023,705
Franklin,HBA,2010,11410
Franklin,HBA,2011,5941
Franklin,HBA,2012,6224
Franklin,HBA,2013,6579
Franklin,HBA,2014,6892
Franklin,HBA,2015,7221
Franklin,HBA,2016,7589
Franklin,HBA,2017,7954
Franklin,HBA,2018,8396
Franklin,HBA,2019,8687
Franklin,HBA,2020,19192
Franklin,HBA,2021,10441
Franklin,HBA,2022,10844
Franklin,HBA,2023,11405
Franklin,HIA,2010,3089
Franklin,HIA,2011,1558
Franklin,HIA,2012,1559
Franklin,HIA,2013,1569
Franklin,HIA,2014,1611
Franklin,HIA,2015,1618
Franklin,HIA,2016,1636
Franklin,HIA,2017,1696
Franklin,HIA,2018,1748
Franklin,HIA,2019,1777
Franklin,HIA,2020,3869
Franklin,HIA,2021,2117
Franklin,HIA,2022,2394
Franklin,HIA,2023,2648
Franklin,HNA,2010,486
Franklin,HNA,2011,236
Franklin,HNA,2012,239
Franklin,HNA,2013,216
Franklin,HNA,2014,208
Franklin,HNA,2015,202
Franklin,HNA,2016,212
Franklin,HNA,2017,219
Franklin,HNA,2018,234
Franklin,HNA,2019,216
Franklin,HNA,2020,397
Franklin,HNA,2021,177
Franklin,HNA,2022,177
Franklin,HNA,2023,172
Franklin,HTOM,2010,5569
Franklin,HTOM,2011,2950
Franklin,HTOM,2012,3066
Franklin,HTOM,2013,3154
Franklin,HTOM,2014,3295
Franklin,HTOM,2015,3416
Franklin,HTOM,2016,3565
Franklin,HTOM,2017,3794
Franklin,HTOM,2018,3979
Franklin,HTOM,2019,4162
Franklin,HTOM,2020,8954
Franklin,HTOM,2021,4902
Franklin,HTOM,2022,5199
Franklin,HTOM,2023,5555
Franklin,HWA,2010,90198
Franklin,HWA,2011,46063
Franklin,HWA,2012,47397
Franklin,HWA,2013,49076
Franklin,HWA,2014,50714
Franklin,HWA,2015,52755
Franklin,HWA,2016,54859
Franklin,HWA,2017,57411
Franklin,HWA,2018,59292
Franklin,HWA,2019,61383
Franklin,HWA,2020,136613
Franklin,HWA,2021,74852
Franklin,HWA,2022,76826
Franklin,HWA,2023,79406
Franklin,IA,2010,7710
Franklin,IA,2011,3851
Franklin,IA,2012,3906
Franklin,IA,2013,3975
Franklin,IA,2014,3987
Franklin,IA,2015,4038
Franklin,IA,2016,4067
Franklin,IA,2017,4140
Franklin,IA,2018,4204
Franklin,IA,2019,4211
Franklin,IA,2020,8713
Franklin,IA,2021,4501
Franklin,IA,2022,4713
Franklin,IA,2023,4946
Franklin,NHAA,2010,91285
Franklin,NHAA,2011,47969
Franklin,NHAA,2012,50549
Franklin,NHAA,2013,54137
Franklin,NHAA,2014,58257
Franklin,NHAA,2015,62910
Franklin,NHAA,2016,67180
Franklin,NHAA,2017,71469
Franklin,NHAA,2018,74031
Franklin,NHAA,2019,76501
Franklin,NHAA,2020,154470
Franklin,NHAA,2021,77105
Franklin,NHAA,2022,77516
Franklin,NHAA,2023,77541
Franklin,NHBA,2010,492835
Franklin,NHBA,2011,251786
Franklin,NHBA,2012,257959
Franklin,NHBA,2013,264663
Franklin,NHBA,2014,272074
Franklin,NHBA,2015,279589
Franklin,NHBA,2016,286587
Franklin,NHBA,2017,294488
Franklin,NHBA,2018,301533
Franklin,NHBA,2019,306822
Franklin,NHBA,2020,618666
Franklin,NHBA,2021,312250
Franklin,NHBA,2022,317985
Franklin,NHBA,2023,323701
Franklin,NHIA,2010,4621
Franklin,NHIA,2011,2293
Franklin,NHIA,2012,2347
Franklin,NHIA,2013,2406
Franklin,NHIA,2014,2376
Franklin,NHIA,2015,2420
Franklin,NHIA,2016,2431
Franklin,NHIA,2017,2444
Franklin,NHIA,2018,2456
Franklin,NHIA,2019,2434
Franklin,NHIA,2020,4844
Franklin,NHIA,2021,2384
Franklin,NHIA,2022,2319
Franklin,NHIA,2023,2298
Franklin,NHNA,2010,1418
Franklin,NHNA,2011,682
Franklin,NHNA,2012,671
Franklin,NHNA,2013,655
Franklin,NHNA,2014,662
Franklin,NHNA,2015,654
Franklin,NHNA,2016,657
Franklin,NHNA,2017,630
Franklin,NHNA,2018,624
Franklin,NHNA,2019,628
Franklin,NHNA,2020,1199
Franklin,NHNA,2021,551
Franklin,NHNA,2022,519
Franklin,NHNA,2023,509
Franklin,NHTOM,2010,58208
Franklin,NHTOM,2011,30335
Franklin,NHTOM,2012,31350
Franklin,NHTOM,2013,32807
Franklin,NHTOM,2014,33986
Franklin,NHTOM,2015,35360
Franklin,NHTOM,2016,36729
Franklin,NHTOM,2017,38097
Franklin,NHTOM,2018,39227
Franklin,NHTOM,2019,40419
Franklin,NHTOM,2020,82936
Franklin,NHTOM,2021,42297
Franklin,NHTOM,2022,43229
Franklin,NHTOM,2023,44159
Franklin,NHWA,2010,1571637
Franklin,NHWA,2011,790443
Franklin,NHWA,2012,797254
Franklin,NHWA,2013,803265
Franklin,NHWA,2014,808036
Franklin,NHWA,2015,811114
Franklin,NHWA,2016,813164
Franklin,NHWA,2017,817542
Franklin,NHWA,2018,816452
Franklin,NHWA,2019,815079
Franklin,NHWA,2020,1616527
Franklin,NHWA,2021,789559
Franklin,NHWA,2022,784008
Franklin,NHWA,2023,777964
Franklin,TOM,2010,63777
Franklin,TOM,2011,33285
Franklin,TOM,2012,34416
Franklin,TOM,2013,35961
Franklin,TOM,2014,37281
Franklin,TOM,2015,38776
Franklin,TOM,2016,40294
Franklin,TOM,2017,41891
Franklin,TOM,2018,43206
Franklin,TOM,2019,44581
Franklin,TOM,2020,91890
Franklin,TOM,2021,47199
Franklin,TOM,2022,48428
Franklin,TOM,2023,49714
Franklin,TOT,2010,2332115
Franklin,TOT,2011,1180917
Franklin,TOT,2012,1199257
Franklin,TOT,2013,1219186
Franklin,TOT,2014,1238758
Franklin,TOT,2015,1257891
Franklin,TOT,2016,1275212
Franklin,TOT,2017,1296374
Franklin,TOT,2018,1308599
Franklin,TOT,2019,1318766
Franklin,TOT,2020,2649065
Franklin,TOT,2021,1317346
Franklin,TOT,2022,1321730
Franklin,TOT,2023,1326063
Franklin,WA,2010,1661835
Franklin,WA,2011,836506
Franklin,WA,2012,844651
Franklin,WA,2013,852341
Franklin,WA,2014,858750
Franklin,WA,2015,863869
Franklin,WA,2016,868023
Franklin,WA,2017,874953
Franklin,WA,2018,875744
Franklin,WA,2019,876462
Franklin,WA,2020,1753140
Franklin,WA,2021,864411
Franklin,WA,2022,860834
Franklin,WA,2023,857370
Hocking,AA,2010,114
Hocking,AA,2011,55
Hocking,AA,2012,60
Hocking,AA,2013,62
Hocking,AA,2014,66
Hocking,AA,2015,72
Hocking,AA,2016,91
Hocking,AA,2017,102
Hocking,AA,2018,106
Hocking,AA,2019,114
Hocking,AA,2020,263
Hocking,AA,2021,133
Hocking,AA,2022,126
Hocking,AA,2023,129
Hocking,BA,2010,461
Hocking,BA,2011,237
Hocking,BA,2012,248
Hocking,BA,2013,172
Hocking,BA,2014,179
Hocking,BA,2015,182
Hocking,BA,2016,186
Hocking,BA,2017,186
Hocking,BA,2018,191
Hocking,BA,2019,197
Hocking,BA,2020,400
Hocking,BA,2021,215
Hocking,BA,2022,218
Hocking,BA,2023,222
Hocking,HAA,2010,0
Hocking,HAA,2011,0
Hocking,HAA,2012,0
Hocking,HAA,2013,0
Hocking,HAA,2014,0
Hocking,HAA,2015,0
Hocking,HAA,2016,0
Hocking,HAA,2017,0
Hocking,HAA,2018,1
Hocking,HAA,2019,1
Hocking,HAA,2020,2
Hocking,HAA,2021,1
Hocking,HAA,2022,1
Hocking,HAA,2023,2
Hocking,HBA,2010,5
Hocking,HBA,2011,3
Hocking,HBA,2012,6
Hocking,HBA,2013,10
Hocking,HBA,2014,10
Hocking,HBA,2015,10
Hocking,HBA,2016,8
Hocking,HBA,2017,10
Hocking,HBA,2018,11
Hocking,HBA,2019,10
Hocking,HBA,2020,20
Hocking,HBA,2021,7
Hocking,HBA,2022,11
Hocking,HBA,2023,9
Hocking,HIA,2010,27
Hocking,HIA,2011,14
Hocking,HIA,2012,14
Hocking,HIA,2013,14
Hocking,HIA,2014,14
Hocking,HIA,2015,18
Hocking,HIA,2016,20
Hocking,HIA,2017,20
Hocking,HIA,2018,20
Hocking,HIA,2019,22
Hocking,HIA,2020,42
Hocking,HIA,2021,20
Hocking,HIA,2022,20
Hocking,HIA,2023,20
Hocking,HNA,2010,12
Hocking,HNA,2011,6
Hocking,HNA,2012,6
Hocking,HNA,2013,6
Hocking,HNA,2014,6
Hocking,HNA,2015,6
Hocking,HNA,2016,6
Hocking,HNA,2017,6
Hocking,HNA,2018,6
Hocking,HNA,2019,6
Hocking,HNA,2020,10
Hocking,HNA,2021,5
Hocking,HNA,2022,5
Hocking,HNA,2023,5
Hocking,HTOM,2010,23
Hocking,HTOM,2011,7
Hocking,HTOM,2012,9
Hocking,HTOM,2013,9
Hocking,HTOM,2014,8
Hocking,HTOM,2015,9
Hocking,HTOM,2016,11
Hocking,HTOM,2017,13
Hocking,HTOM,2018,13
Hocking,HTOM,2019,22
Hocking,HTOM,2020,51
Hocking,HTOM,2021,26
Hocking,HTOM,2022,26
Hocking,HTOM,2023,27
Hocking,HWA,2010,335
Hocking,HWA,2011,192
Hocking,HWA,2012,194
Hocking,HWA,2013,207
Hocking,HWA,2014,210
Hocking,HWA,2015,209
Hocking,HWA,2016,210
Hocking,HWA,2017,219
Hocking,HWA,2018,239
Hocking,HWA,2019,249
Hocking,HWA,2020,420
Hocking,HWA,2021,210
Hocking,HWA,2022,211
Hocking,HWA,2023,212
Hocking,IA,2010,206
Hocking,IA,2011,101
Hocking,IA,2012,98
Hocking,IA,2013,98
Hocking,IA,2014,99
Hocking,IA,2015,99
Hocking,IA,2016,102
Hocking,IA,2017,108
Hocking,IA,2018,114
Hocking,IA,2019,108
Hocking,IA,2020,224
Hocking,IA,2021,110
Hocking,IA,2022,120
Hocking,IA,2023,122
Hocking,NHAA,2010,114
Hocking,NHAA,2011,55
Hocking,NHAA,2012,60
Hocking,NHAA,2013,62
Hocking,NHAA,2014,66
Hocking,NHAA,2015,72
Hocking,NHAA,2016,91
Hocking,NHAA,2017,102
Hocking,NHAA,2018,105
Hocking,NHAA,2019,113
Hocking,NHAA,2020,261
Hocking,NHAA,2021,132
Hocking,NHAA,2022,125
Hocking,NHAA,2023,127
Hocking,NHBA,2010,456
Hocking,NHBA,2011,234
Hocking,NHBA,2012,242
Hocking,NHBA,2013,162
Hocking,NHBA,2014,169
Hocking,NHBA,2015,172
Hocking,NHBA,2016,178
Hocking,NHBA,2017,176
Hocking,NHBA,2018,180
Hocking,NHBA,2019,187
Hocking,NHBA,2020,380
Hocking,NHBA,2021,208
Hocking,NHBA,2022,207
Hocking,NHBA,2023,213
Hocking,NHIA,2010,179
Hocking,NHIA,2011,87
Hocking,NHIA,2012,84
Hocking,NHIA,2013,84
Hocking,NHIA,2014,85
Hocking,NHIA,2015,81
Hocking,NHIA,2016,82
Hocking,NHIA,2017,88
Hocking,NHIA,2018,94
Hocking,NHIA,2019,86
Hocking,NHIA,2020,182
Hocking,NHIA,2021,90
Hocking,NHIA,2022,100
Hocking,NHIA,2023,102
Hocking,NHNA,2010,5
Hocking,NHNA,2011,3
Hocking,NHNA,2012,5
Hocking,NHNA,2013,5
Hocking,NHNA,2014,5
Hocking,NHNA,2015,5
Hocking,NHNA,2016,5
Hocking,NHNA,2017,5
Hocking,NHNA,2018,5
Hocking,NHNA,2019,5
Hocking,NHNA,2020,10
Hocking,NHNA,2021,5
Hocking,NHNA,2022,5
Hocking,NHNA,2023,5
Hocking,NHTOM,2010,587
Hocking,NHTOM,2011,301
Hocking,NHTOM,2012,309
Hocking,NHTOM,2013,326
Hocking,NHTOM,2014,345
Hocking,NHTOM,2015,353
Hocking,NHTOM,2016,360
Hocking,NHTOM,2017,365
Hocking,NHTOM,2018,363
Hocking,NHTOM,2019,375
Hocking,NHTOM,2020,780
Hocking,NHTOM,2021,403
Hocking,NHTOM,2022,400
Hocking,NHTOM,2023,405
Hocking,NHWA,2010,57114
Hocking,NHWA,2011,28569
Hocking,NHWA,2012,28381
Hocking,NHWA,2013,27775
Hocking,NHWA,2014,27831
Hocking,NHWA,2015,27567
Hocking,NHWA,2016,27432
Hocking,NHWA,2017,27436
Hocking,NHWA,2018,27316
Hocking,NHWA,2019,27164
Hocking,NHWA,2020,53977
Hocking,NHWA,2021,26994
Hocking,NHWA,2022,26707
Hocking,NHWA,2023,26413
Hocking,TOM,2010,610
Hocking,TOM,2011,308
Hocking,TOM,2012,318
Hocking,TOM,2013,335
Hocking,TOM,2014,353
Hocking,TOM,2015,362
Hocking,TOM,2016,371
Hocking,TOM,2017,378
Hocking,TOM,2018,376
Hocking,TOM,2019,397
Hocking,TOM,2020,831
Hocking,TOM,2021,429
Hocking,TOM,2022,426
Hocking,TOM,2023,432
Hocking,TOT,2010,58857
Hocking,TOT,2011,29471
Hocking,TOT,2012,29310
Hocking,TOT,2013,28660
Hocking,TOT,2014,28749
Hocking,TOT,2015,28502
Hocking,TOT,2016,28403
Hocking,TOT,2017,28440
Hocking,TOT,2018,28353
Hocking,TOT,2019,28240
Hocking,TOT,2020,56135
Hocking,TOT,2021,28101
Hocking,TOT,2022,27818
Hocking,TOT,2023,27540
Hocking,WA,2010,57449
Hocking,WA,2011,28761
Hocking,WA,2012,28575
Hocking,WA,2013,27982
Hocking,WA,2014,28041
Hocking,WA,2015,27776
Hocking,WA,2016,27642
Hocking,WA,2017,27655
Hocking,WA,2018,27555
Hocking,WA,2019,27413
Hocking,WA,2020,54397
Hocking,WA,2021,27204
Hocking,WA,2022,26918
Hocking,WA,2023,26625
Knox,AA,2010,713
Knox,AA,2011,403
Knox,AA,2012,397
Knox,AA,2013,416
Knox,AA,2014,390
Knox,AA,2015,384
Knox,AA,2016,381
Knox,AA,2017,419
Knox,AA,2018,415
Knox,AA,2019,403
Knox,AA,2020,796
Knox,AA,2021,389
Knox,AA,2022,381
Knox,AA,2023,411
Knox,BA,2010,1026
Knox,BA,2011,536
Knox,BA,2012,525
Knox,BA,2013,538
Knox,BA,2014,550
Knox,BA,2015,563
Knox,BA,2016,587
Knox,BA,2017,583
Knox,BA,2018,618
Knox,BA,2019,637
Knox,BA,2020,1250
Knox,BA,2021,609
Knox,BA,2022,649
Knox,BA,2023,676
Knox,HAA,2010,6
Knox,HAA,2011,4
Knox,HAA,2012,7
Knox,HAA,2013,9
Knox,HAA,2014,10
Knox,HAA,2015,11
Knox,HAA,2016,13
Knox,HAA,2017,15
Knox,HAA,2018,17
Knox,HAA,2019,16
Knox,HAA,2020,34
Knox,HAA,2021,18
Knox,HAA,2022,18
Knox,HAA,2023,20
Knox,HBA,2010,35
Knox,HBA,2011,18
Knox,HBA,2012,21
Knox,HBA,2013,24
Knox,HBA,2014,23
Knox,HBA,2015,22
Knox,HBA,2016,23
Knox,HBA,2017,28
Knox,HBA,2018,34
Knox,HBA,2019,35
Knox,HBA,2020,75
Knox,HBA,2021,35
Knox,HBA,2022,36
Knox,HBA,2023,34
Knox,HIA,2010,17
Knox,HIA,2011,9
Knox,HIA,2012,11
Knox,HIA,2013,9
Knox,HIA,2014,10
Knox,HIA,2015,13
Knox,HIA,2016,16
Knox,HIA,2017,13
Knox,HIA,2018,13
Knox,HIA,2019,28
Knox,HIA,2020,56
Knox,HIA,2021,27
Knox,HIA,2022,29
Knox,HIA,2023,32
Knox,HNA,2010,0
Knox,HNA,2011,0
Knox,HNA,2012,0
Knox,HNA,2013,0
Knox,HNA,2014,0
Knox,HNA,2015,0
Knox,HNA,2016,0
Knox,HNA,2017,0
Knox,HNA,2018,0
Knox,HNA,2019,0
Knox,HNA,2020,4
Knox,HNA,2021,2
Knox,HNA,2022,2
Knox,HNA,2023,2
Knox,HTOM,2010,58
Knox,HTOM,2011,32
Knox,HTOM,2012,34
Knox,HTOM,2013,42
Knox,HTOM,2014,42
Knox,HTOM,2015,45
Knox,HTOM,2016,49
Knox,HTOM,2017,49
Knox,HTOM,2018,52
Knox,HTOM,2019,51
Knox,HTOM,2020,113
Knox,HTOM,2021,58
Knox,HTOM,2022,60
Knox,HTOM,2023,63
Knox,HWA,2010,1385
Knox,HWA,2011,745
Knox,HWA,2012,749
Knox,HWA,2013,757
Knox,HWA,2014,768
Knox,HWA,2015,803
Knox,HWA,2016,804
Knox,HWA,2017,825
Knox,HWA,2018,845
Knox,HWA,2019,882
Knox,HWA,2020,1983
Knox,HWA,2021,1081
Knox,HWA,2022,1152
Knox,HWA,2023,1179
Knox,IA,2010,254
Knox,IA,2011,126
Knox,IA,2012,132
Knox,IA,2013,123
Knox,IA,2014,128
Knox,IA,2015,129
Knox,IA,2016,136
Knox,IA,2017,141
Knox,IA,2018,148
Knox,IA,2019,173
Knox,IA,2020,348
Knox,IA,2021,188
Knox,IA,2022,196
Knox,IA,2023,196
Knox,NHAA,2010,707
Knox,NHAA,2011,399
Knox,NHAA,2012,390
Knox,NHAA,2013,407
Knox,NHAA,2014,380
Knox,NHAA,2015,373
Knox,NHAA,2016,368
Knox,NHAA,2017,404
Knox,NHAA,2018,398
Knox,NHAA,2019,387
Knox,NHAA,2020,762
Knox,NHAA,2021,371
Knox,NHAA,2022,363
Knox,NHAA,2023,391
Knox,NHBA,2010,991
Knox,NHBA,2011,518
Knox,NHBA,2012,504
Knox,NHBA,2013,514
Knox,NHBA,2014,527
Knox,NHBA,2015,541
Knox,NHBA,2016,564
Knox,NHBA,2017,555
Knox,NHBA,2018,584
Knox,NHBA,2019,602
Knox,NHBA,2020,1175
Knox,NHBA,2021,574
Knox,NHBA,2022,613
Knox,NHBA,2023,642
Knox,NHIA,2010,237
Knox,NHIA,2011,117
Knox,NHIA,2012,121
Knox,NHIA,2013,114
Knox,NHIA,2014,118
Knox,NHIA,2015,116
Knox,NHIA,2016,120
Knox,NHIA,2017,128
Knox,NHIA,2018,135
Knox,NHIA,2019,145
Knox,NHIA,2020,292
Knox,NHIA,2021,161
Knox,NHIA,2022,167
Knox,NHIA,2023,164
Knox,NHNA,2010,31
Knox,NHNA,2011,16
Knox,NHNA,2012,17
Knox,NHNA,2013,16
Knox,NHNA,2014,16
Knox,NHNA,2015,20
Knox,NHNA,2016,21
Knox,NHNA,2017,22
Knox,NHNA,2018,21
Knox,NHNA,2019,21
Knox,NHNA,2020,46
Knox,NHNA,2021,22
Knox,NHNA,2022,22
Knox,NHNA,2023,21
Knox,NHTOM,2010,1296
Knox,NHTOM,2011,683
Knox,NHTOM,2012,701
Knox,NHTOM,2013,724
Knox,NHTOM,2014,752
Knox,NHTOM,2015,742
Knox,NHTOM,2016,746
Knox,NHTOM,2017,765
Knox,NHTOM,2018,808
Knox,NHTOM,2019,826
Knox,NHTOM,2020,1675
Knox,NHTOM,2021,887
Knox,NHTOM,2022,913
Knox,NHTOM,2023,930
Knox,NHWA,2010,117312
Knox,NHWA,2011,58749
Knox,NHWA,2012,58226
Knox,NHWA,2013,58266
Knox,NHWA,2014,58389
Knox,NHWA,2015,58359
Knox,NHWA,2016,58229
Knox,NHWA,2017,58541
Knox,NHWA,2018,59014
Knox,NHWA,2019,59246
Knox,NHWA,2020,119011
Knox,NHWA,2021,59307
Knox,NHWA,2022,59821
Knox,NHWA,2023,59842
Knox,TOM,2010,1354
Knox,TOM,2011,715
Knox,TOM,2012,735
Knox,TOM,2013,766
Knox,TOM,2014,794
Knox,TOM,2015,787
Knox,TOM,2016,795
Knox,TOM,2017,814
Knox,TOM,2018,860
Knox,TOM,2019,877
Knox,TOM,2020,1788
Knox,TOM,2021,945
Knox,TOM,2022,973
Knox,TOM,2023,993
Knox,TOT,2010,122075
Knox,TOT,2011,61290
Knox,TOT,2012,60781
Knox,TOT,2013,60882
Knox,TOT,2014,61035
Knox,TOT,2015,61045
Knox,TOT,2016,60953
Knox,TOT,2017,61345
Knox,TOT,2018,61921
Knox,TOT,2019,62239
Knox,TOT,2020,125226
Knox,TOT,2021,62543
Knox,TOT,2022,63196
Knox,TOT,2023,63320
Knox,WA,2010,118697
Knox,WA,2011,59494
Knox,WA,2012,58975
Knox,WA,2013,59023
Knox,WA,2014,59157
Knox,WA,2015,59162
Knox,WA,2016,59033
Knox,WA,2017,59366
Knox,WA,2018,59859
Knox,WA,2019,60128
Knox,WA,2020,120994
Knox,WA,2021,60388
Knox,WA,2022,60973
Knox,WA,2023,61021
Licking,AA,2010,2558
Licking,AA,2011,1283
Licking,AA,2012,1371
Licking,AA,2013,1462
Licking,AA,2014,1550
Licking,AA,2015,1707
Licking,AA,2016,2025
Licking,AA,2017,2505
Licking,AA,2018,3303
Licking,AA,2019,4134
Licking,AA,2020,9861
Licking,AA,2021,5925
Licking,AA,2022,7102
Licking,AA,2023,8063
Licking,BA,2010,11598
Licking,BA,2011,5940
Licking,BA,2012,6068
Licking,BA,2013,6173
Licking,BA,2014,6281
Licking,BA,2015,6441
Licking,BA,2016,6685
Licking,BA,2017,6984
Licking,BA,2018,7159
Licking,BA,2019,7518
Licking,BA,2020,15350
Licking,BA,2021,8047
Licking,BA,2022,8385
Licking,BA,2023,8837
Licking,HAA,2010,47
Licking,HAA,2011,27
Licking,HAA,2012,32
Licking,HAA,2013,41
Licking,HAA,2014,41
Licking,HAA,2015,46
Licking,HAA,2016,45
Licking,HAA,2017,46
Licking,HAA,2018,45
Licking,HAA,2019,50
Licking,HAA,2020,119
Licking,HAA,2021,59
Licking,HAA,2022,66
Licking,HAA,2023,75
Licking,HBA,2010,179
Licking,HBA,2011,101
Licking,HBA,2012,101
Licking,HBA,2013,115
Licking,HBA,2014,146
Licking,HBA,2015,159
Licking,HBA,2016,186
Licking,HBA,2017,202
Licking,HBA,2018,220
Licking,HBA,2019,248
Licking,HBA,2020,480
Licking,HBA,2021,269
Licking,HBA,2022,272
Licking,HBA,2023,285
Licking,HIA,2010,121
Licking,HIA,2011,66
Licking,HIA,2012,80
Licking,HIA,2013,88
Licking,HIA,2014,91
Licking,HIA,2015,98
Licking,HIA,2016,103
Licking,HIA,2017,116
Licking,HIA,2018,133
Licking,HIA,2019,143
Licking,HIA,2020,319
Licking,HIA,2021,171
Licking,HIA,2022,171
Licking,HIA,2023,195
Licking,HNA,2010,24
Licking,HNA,2011,11
Licking,HNA,2012,11
Licking,HNA,2013,15
Licking,HNA,2014,19
Licking,HNA,2015,19
Licking,HNA,2016,16
Licking,HNA,2017,17
Licking,HNA,2018,25
Licking,HNA,2019,25
Licking,HNA,2020,45
Licking,HNA,2021,23
Licking,HNA,2022,24
Licking,HNA,2023,26
Licking,HTOM,2010,298
Licking,HTOM,2011,158
Licking,HTOM,2012,162
Licking,HTOM,2013,175
Licking,HTOM,2014,171
Licking,HTOM,2015,182
Licking,HTOM,2016,197
Licking,HTOM,2017,209
Licking,HTOM,2018,215
Licking,HTOM,2019,205
Licking,HTOM,2020,493
Licking,HTOM,2021,253
Licking,HTOM,2022,276
Licking,HTOM,2023,271
Licking,HWA,2010,4031
Licking,HWA,2011,2144
Licking,HWA,2012,2192
Licking,HWA,2013,2271
Licking,HWA,2014,2364
Licking,HWA,2015,2502
Licking,HWA,2016,2637
Licking,HWA,2017,2851
Licking,HWA,2018,2937
Licking,HWA,2019,3097
Licking,HWA,2020,6562
Licking,HWA,2021,3429
Licking,HWA,2022,3594
Licking,HWA,2023,3767
Licking,IA,2010,996
Licking,IA,2011,505
Licking,IA,2012,526
Licking,IA,2013,529
Licking,IA,2014,530
Licking,IA,2015,533
Licking,IA,2016,528
Licking,IA,2017,561
Licking,IA,2018,577
Licking,IA,2019,600
Licking,IA,2020,1249
Licking,IA,2021,652
Licking,IA,2022,656
Licking,IA,2023,668
Licking,NHAA,2010,2511
Licking,NHAA,2011,1256
Licking,NHAA,2012,1339
Licking,NHAA,2013,1421
Licking,NHAA,2014,1509
Licking,NHAA,2015,1661
Licking,NHAA,2016,1980
Licking,NHAA,2017,2459
Licking,NHAA,2018,3258
Licking,NHAA,2019,4084
Licking,NHAA,2020,9742
Licking,NHAA,2021,5866
Licking,NHAA,2022,7036
Licking,NHAA,2023,7988
Licking,NHBA,2010,11419
Licking,NHBA,2011,5839
Licking,NHBA,2012,5967
Licking,NHBA,2013,6058
Licking,NHBA,2014,6135
Licking,NHBA,2015,6282
Licking,NHBA,2016,6499
Licking,NHBA,2017,6782
Licking,NHBA,2018,6939
Licking,NHBA,2019,7270
Licking,NHBA,2020,14870
Licking,NHBA,2021,7778
Licking,NHBA,2022,8113
Licking,NHBA,2023,8552
Licking,NHIA,2010,875
Licking,NHIA,2011,439
Licking,NHIA,2012,446
Licking,NHIA,2013,441
Licking,NHIA,2014,439
Licking,NHIA,2015,435
Licking,NHIA,2016,425
Licking,NHIA,2017,445
Licking,NHIA,2018,444
Licking,NHIA,2019,457
Licking,NHIA,2020,930
Licking,NHIA,2021,481
Licking,NHIA,2022,485
Licking,NHIA,2023,473
Licking,NHNA,2010,73
Licking,NHNA,2011,34
Licking,NHNA,2012,36
Licking,NHNA,2013,34
Licking,NHNA,2014,39
Licking,NHNA,2015,41
Licking,NHNA,2016,46
Licking,NHNA,2017,57
Licking,NHNA,2018,64
Licking,NHNA,2019,66
Licking,NHNA,2020,134
Licking,NHNA,2021,76
Licking,NHNA,2022,80
Licking,NHNA,2023,81
Licking,NHTOM,2010,5546
Licking,NHTOM,2011,2901
Licking,NHTOM,2012,3042
Licking,NHTOM,2013,3183
Licking,NHTOM,2014,3304
Licking,NHTOM,2015,3402
Licking,NHTOM,2016,3574
Licking,NHTOM,2017,3660
Licking,NHTOM,2018,3861
Licking,NHTOM,2019,4081
Licking,NHTOM,2020,8335
Licking,NHTOM,2021,4394
Licking,NHTOM,2022,4436
Licking,NHTOM,2023,4498
Licking,NHWA,2010,308302
Licking,NHWA,2011,154219
Licking,NHWA,2012,154228
Licking,NHWA,2013,154690
Licking,NHWA,2014,155248
Licking,NHWA,2015,155894
Licking,NHWA,2016,156458
Licking,NHWA,2017,156946
Licking,NHWA,2018,157675
Licking,NHWA,2019,157448
Licking,NHWA,2020,314855
Licking,NHWA,2021,157222
Licking,NHWA,2022,157212
Licking,NHWA,2023,156990
Licking,TOM,2010,5844
Licking,TOM,2011,3059
Licking,TOM,2012,3204
Licking,TOM,2013,3358
Licking,TOM,2014,3475
Licking,TOM,2015,3584
Licking,TOM,2016,3771
Licking,TOM,2017,3869
Licking,TOM,2018,4076
Licking,TOM,2019,4286
Licking,TOM,2020,8828
Licking,TOM,2021,4647
Licking,TOM,2022,4712
Licking,TOM,2023,4769
Licking,TOT,2010,333426
Licking,TOT,2011,167195
Licking,TOT,2012,167636
Licking,TOT,2013,168532
Licking,TOT,2014,169506
Licking,TOT,2015,170721
Licking,TOT,2016,172166
Licking,TOT,2017,173790
Licking,TOT,2018,175816
Licking,TOT,2019,177174
Licking,TOT,2020,356884
Licking,TOT,2021,180021
Licking,TOT,2022,181765
Licking,TOT,2023,183201
Licking,WA,2010,312333
Licking,WA,2011,156363
Licking,WA,2012,156420
Licking,WA,2013,156961
Licking,WA,2014,157612
Licking,WA,2015,158396
Licking,WA,2016,159095
Licking,WA,2017,159797
Licking,WA,2018,160612
Licking,WA,2019,160545
Licking,WA,2020,321417
Licking,WA,2021,160651
Licking,WA,2022,160806
Licking,WA,2023,160757
Logan,AA,2010,483
Logan,AA,2011,273
Logan,AA,2012,277
Logan,AA,2013,309
Logan,AA,2014,335
Logan,AA,2015,319
Logan,AA,2016,325
Logan,AA,2017,350
Logan,AA,2018,358
Logan,AA,2019,360
Logan,AA,2020,822
Logan,AA,2021,424
Logan,AA,2022,426
Logan,AA,2023,452
Logan,BA,2010,1506
Logan,BA,2011,726
Logan,BA,2012,754
Logan,BA,2013,803
Logan,BA,2014,821
Logan,BA,2015,813
Logan,BA,2016,810
Logan,BA,2017,836
Logan,BA,2018,834
Logan,BA,2019,838
Logan,BA,2020,1755
Logan,BA,2021,907
Logan,BA,2022,923
Logan,BA,2023,947
Logan,HAA,2010,9
Logan,HAA,2011,5
Logan,HAA,2012,5
Logan,HAA,2013,6
Logan,HAA,2014,6
Logan,HAA,2015,9
Logan,HAA,2016,6
Logan,HAA,2017,6
Logan,HAA,2018,7
Logan,HAA,2019,15
Logan,HAA,2020,31
Logan,HAA,2021,16
Logan,HAA,2022,16
Logan,HAA,2023,16
Logan,HBA,2010,42
Logan,HBA,2011,20
Logan,HBA,2012,21
Logan,HBA,2013,26
Logan,HBA,2014,28
Logan,HBA,2015,28
Logan,HBA,2016,28
Logan,HBA,2017,32
Logan,HBA,2018,36
Logan,HBA,2019,38
Logan,HBA,2020,91
Logan,HBA,2021,41
Logan,HBA,2022,44
Logan,HBA,2023,51
Logan,HIA,2010,43
Logan,HIA,2011,16
Logan,HIA,2012,16
Logan,HIA,2013,20
Logan,HIA,2014,23
Logan,HIA,2015,28
Logan,HIA,2016,25
Logan,HIA,2017,28
Logan,HIA,2018,29
Logan,HIA,2019,29
Logan,HIA,2020,55
Logan,HIA,2021,29
Logan,HIA,2022,27
Logan,HIA,2023,26
Logan,HNA,2010,1
Logan,HNA,2011,0
Logan,HNA,2012,0
Logan,HNA,2013,0
Logan,HNA,2014,0
Logan,HNA,2015,0
Logan,HNA,2016,0
Logan,HNA,2017,0
Logan,HNA,2018,2
Logan,HNA,2019,3
Logan,HNA,2020,6
Logan,HNA,2021,3
Logan,HNA,2022,3
Logan,HNA,2023,3
Logan,HTOM,2010,70
Logan,HTOM,2011,32
Logan,HTOM,2012,31
Logan,HTOM,2013,40
Logan,HTOM,2014,44
Logan,HTOM,2015,42
Logan,HTOM,2016,48
Logan,HTOM,2017,47
Logan,HTOM,2018,46
Logan,HTOM,2019,61
Logan,HTOM,2020,105
Logan,HTOM,2021,66
Logan,HTOM,2022,76
Logan,HTOM,2023,88
Logan,HWA,2010,935
Logan,HWA,2011,500
Logan,HWA,2012,505
Logan,HWA,2013,516
Logan,HWA,2014,538
Logan,HWA,2015,548
Logan,HWA,2016,567
Logan,HWA,2017,575
Logan,HWA,2018,598
Logan,HWA,2019,793
Logan,HWA,2020,1614
Logan,HWA,2021,893
Logan,HWA,2022,895
Logan,HWA,2023,902
Logan,IA,2010,260
Logan,IA,2011,113
Logan,IA,2012,119
Logan,IA,2013,130
Logan,IA,2014,140
Logan,IA,2015,153
Logan,IA,2016,158
Logan,IA,2017,154
Logan,IA,2018,153
Logan,IA,2019,149
Logan,IA,2020,302
Logan,IA,2021,163
Logan,IA,2022,172
Logan,IA,2023,173
Logan,NHAA,2010,474
Logan,NHAA,2011,268
Logan,NHAA,2012,272
Logan,NHAA,2013,303
Logan,NHAA,2014,329
Logan,NHAA,2015,310
Logan,NHAA,2016,319
Logan,NHAA,2017,344
Logan,NHAA,2018,351
Logan,NHAA,2019,345
Logan,NHAA,2020,791
Logan,NHAA,2021,408
Logan,NHAA,2022,410
Logan,NHAA,2023,436
Logan,NHBA,2010,1464
Logan,NHBA,2011,706
Logan,NHBA,2012,733
Logan,NHBA,2013,777
Logan,NHBA,2014,793
Logan,NHBA,2015,785
Logan,NHBA,2016,782
Logan,NHBA,2017,804
Logan,NHBA,2018,798
Logan,NHBA,2019,800
Logan,NHBA,2020,1664
Logan,NHBA,2021,866
Logan,NHBA,2022,879
Logan,NHBA,2023,896
Logan,NHIA,2010,217
Logan,NHIA,2011,97
Logan,NHIA,2012,103
Logan,NHIA,2013,110
Logan,NHIA,2014,117
Logan,NHIA,2015,125
Logan,NHIA,2016,133
Logan,NHIA,2017,126
Logan,NHIA,2018,124
Logan,NHIA,2019,120
Logan,NHIA,2020,247
Logan,NHIA,2021,134
Logan,NHIA,2022,145
Logan,NHIA,2023,147
Logan,NHNA,2010,27
Logan,NHNA,2011,18
Logan,NHNA,2012,16
Logan,NHNA,2013,17
Logan,NHNA,2014,17
Logan,NHNA,2015,20
Logan,NHNA,2016,18
Logan,NHNA,2017,18
Logan,NHNA,2018,20
Logan,NHNA,2019,20
Logan,NHNA,2020,40
Logan,NHNA,2021,21
Logan,NHNA,2022,21
Logan,NHNA,2023,24
Logan,NHTOM,2010,1593
Logan,NHTOM,2011,825
Logan,NHTOM,2012,834
Logan,NHTOM,2013,874
Logan,NHTOM,2014,879
Logan,NHTOM,2015,882
Logan,NHTOM,2016,940
Logan,NHTOM,2017,933
Logan,NHTOM,2018,944
Logan,NHTOM,2019,993
Logan,NHTOM,2020,2015
Logan,NHTOM,2021,1040
Logan,NHTOM,2022,1036
Logan,NHTOM,2023,1039
Logan,NHWA,2010,86673
Logan,NHWA,2011,43138
Logan,NHWA,2012,42876
Logan,NHWA,2013,42710
Logan,NHWA,2014,42703
Logan,NHWA,2015,42478
Logan,NHWA,2016,42279
Logan,NHWA,2017,42304
Logan,NHWA,2018,42336
Logan,NHWA,2019,42377
Logan,NHWA,2020,84783
Logan,NHWA,2021,42641
Logan,NHWA,2022,42510
Logan,NHWA,2023,42429
Logan,TOM,2010,1663
Logan,TOM,2011,857
Logan,TOM,2012,865
Logan,TOM,2013,914
Logan,TOM,2014,923
Logan,TOM,2015,924
Logan,TOM,2016,988
Logan,TOM,2017,980
Logan,TOM,2018,990
Logan,TOM,2019,1054
Logan,TOM,2020,2120
Logan,TOM,2021,1106
Logan,TOM,2022,1112
Logan,TOM,2023,1127
Logan,TOT,2010,91548
Logan,TOT,2011,45625
Logan,TOT,2012,45412
Logan,TOT,2013,45399
Logan,TOT,2014,45477
Logan,TOT,2015,45255
Logan,TOT,2016,45145
Logan,TOT,2017,45217
Logan,TOT,2018,45291
Logan,TOT,2019,45594
Logan,TOT,2020,91442
Logan,TOT,2021,46158
Logan,TOT,2022,46062
Logan,TOT,2023,46057
Logan,WA,2010,87608
Logan,WA,2011,43638
Logan,WA,2012,43381
Logan,WA,2013,43226
Logan,WA,2014,43241
Logan,WA,2015,43026
Logan,WA,2016,42846
Logan,WA,2017,42879
Logan,WA,2018,42934
Logan,WA,2019,43170
Logan,WA,2020,86397
Logan,WA,2021,43534
Logan,WA,2022,43405
Logan,WA,2023,43331
Madison,AA,2010,482
Madison,AA,2011,294
Madison,AA,2012,327
Madison,AA,2013,371
Madison,AA,2014,449
Madison,AA,2015,514
Madison,AA,2016,563
Madison,AA,2017,590
Madison,AA,2018,616
Madison,AA,2019,614
Madison,AA,2020,1293
Madison,AA,2021,672
Madison,AA,2022,667
Madison,AA,2023,710
Madison,BA,2010,5735
Madison,BA,2011,2760
Madison,BA,2012,2770
Madison,BA,2013,2731
Madison,BA,2014,2885
Madison,BA,2015,2921
Madison,BA,2016,2643
Madison,BA,2017,2874
Madison,BA,2018,2809
Madison,BA,2019,2879
Madison,BA,2020,5627
Madison,BA,2021,3089
Madison,BA,2022,2656
Madison,BA,2023,2903
Madison,HAA,2010,8
Madison,HAA,2011,5
Madison,HAA,2012,4
Madison,HAA,2013,8
Madison,HAA,2014,8
Madison,HAA,2015,8
Madison,HAA,2016,9
Madison,HAA,2017,9
Madison,HAA,2018,8
Madison,HAA,2019,8
Madison,HAA,2020,22
Madison,HAA,2021,8
Madison,HAA,2022,8
Madison,HAA,2023,8
Madison,HBA,2010,57
Madison,HBA,2011,29
Madison,HBA,2012,34
Madison,HBA,2013,35
Madison,HBA,2014,41
Madison,HBA,2015,40
Madison,HBA,2016,40
Madison,HBA,2017,42
Madison,HBA,2018,47
Madison,HBA,2019,56
Madison,HBA,2020,109
Madison,HBA,2021,62
Madison,HBA,2022,63
Madison,HBA,2023,77
Madison,HIA,2010,38
Madison,HIA,2011,23
Madison,HIA,2012,23
Madison,HIA,2013,27
Madison,HIA,2014,26
Madison,HIA,2015,27
Madison,HIA,2016,27
Madison,HIA,2017,29
Madison,HIA,2018,26
Madison,HIA,2019,28
Madison,HIA,2020,69
Madison,HIA,2021,38
Madison,HIA,2022,40
Madison,HIA,2023,41
Madison,HNA,2010,6
Madison,HNA,2011,3
Madison,HNA,2012,3
Madison,HNA,2013,3
Madison,HNA,2014,3
Madison,HNA,2015,3
Madison,HNA,2016,3
Madison,HNA,2017,3
Madison,HNA,2018,3
Madison,HNA,2019,3
Madison,HNA,2020,6
Madison,HNA,2021,3
Madison,HNA,2022,5
Madison,HNA,2023,6
Madison,HTOM,2010,67
Madison,HTOM,2011,37
Madison,HTOM,2012,37
Madison,HTOM,2013,37
Madison,HTOM,2014,45
Madison,HTOM,2015,47
Madison,HTOM,2016,53
Madison,HTOM,2017,61
Madison,HTOM,2018,70
Madison,HTOM,2019,76
Madison,HTOM,2020,176
Madison,HTOM,2021,80
Madison,HTOM,2022,83
Madison,HTOM,2023,78
Madison,HWA,2010,1073
Madison,HWA,2011,541
Madison,HWA,2012,543
Madison,HWA,2013,649
Madison,HWA,2014,680
Madison,HWA,2015,689
Madison,HWA,2016,728
Madison,HWA,2017,774
Madison,HWA,2018,808
Madison,HWA,2019,898
Madison,HWA,2020,2005
Madison,HWA,2021,1104
Madison,HWA,2022,1162
Madison,HWA,2023,1270
Madison,IA,2010,227
Madison,IA,2011,112
Madison,IA,2012,114
Madison,IA,2013,117
Madison,IA,2014,131
Madison,IA,2015,135
Madison,IA,2016,138
Madison,IA,2017,152
Madison,IA,2018,152
Madison,IA,2019,159
Madison,IA,2020,328
Madison,IA,2021,171
Madison,IA,2022,183
Madison,IA,2023,188
Madison,NHAA,2010,474
Madison,NHAA,2011,289
Madison,NHAA,2012,323
Madison,NHAA,2013,363
Madison,NHAA,2014,441
Madison,NHAA,2015,506
Madison,NHAA,2016,554
Madison,NHAA,2017,581
Madison,NHAA,2018,608
Madison,NHAA,2019,606
Madison,NHAA,2020,1271
Madison,NHAA,2021,664
Madison,NHAA,2022,659
Madison,NHAA,2023,702
Madison,NHBA,2010,5678
Madison,NHBA,2011,2731
Madison,NHBA,2012,2736
Madison,NHBA,2013,2696
Madison,NHBA,2014,2844
Madison,NHBA,2015,2881
Madison,NHBA,2016,2603
Madison,NHBA,2017,2832
Madison,NHBA,2018,2762
Madison,NHBA,2019,2823
Madison,NHBA,2020,5518
Madison,NHBA,2021,3027
Madison,NHBA,2022,2593
Madison,NHBA,2023,2826
Madison,NHIA,2010,189
Madison,NHIA,2011,89
Madison,NHIA,2012,91
Madison,NHIA,2013,90
Madison,NHIA,2014,105
Madison,NHIA,2015,108
Madison,NHIA,2016,111
Madison,NHIA,2017,123
Madison,NHIA,2018,126
Madison,NHIA,2019,131
Madison,NHIA,2020,259
Madison,NHIA,2021,133
Madison,NHIA,2022,143
Madison,NHIA,2023,147
Madison,NHNA,2010,16
Madison,NHNA,2011,8
Madison,NHNA,2012,8
Madison,NHNA,2013,8
Madison,NHNA,2014,7
Madison,NHNA,2015,8
Madison,NHNA,2016,8
Madison,NHNA,2017,8
Madison,NHNA,2018,9
Madison,NHNA,2019,10
Madison,NHNA,2020,20
Madison,NHNA,2021,11
Madison,NHNA,2022,11
Madison,NHNA,2023,11
Madison,NHTOM,2010,1164
Madison,NHTOM,2011,605
Madison,NHTOM,2012,600
Madison,NHTOM,2013,608
Madison,NHTOM,2014,648
Madison,NHTOM,2015,660
Madison,NHTOM,2016,654
Madison,NHTOM,2017,707
Madison,NHTOM,2018,691
Madison,NHTOM,2019,721
Madison,NHTOM,2020,1424
Madison,NHTOM,2021,725
Madison,NHTOM,2022,769
Madison,NHTOM,2023,824
Madison,NHWA,2010,78110
Madison,NHWA,2011,38760
Madison,NHWA,2012,38594
Madison,NHWA,2013,38739
Madison,NHWA,2014,39140
Madison,NHWA,2015,39172
Madison,NHWA,2016,38610
Madison,NHWA,2017,38908
Madison,NHWA,2018,39235
Madison,NHWA,2019,39452
Madison,NHWA,2020,77529
Madison,NHWA,2021,38573
Madison,NHWA,2022,38045
Madison,NHWA,2023,38612
Madison,TOM,2010,1231
Madison,TOM,2011,642
Madison,TOM,2012,637
Madison,TOM,2013,645
Madison,TOM,2014,693
Madison,TOM,2015,707
Madison,TOM,2016,707
Madison,TOM,2017,768
Madison,TOM,2018,761
Madison,TOM,2019,797
Madison,TOM,2020,1600
Madison,TOM,2021,805
Madison,TOM,2022,852
Madison,TOM,2023,902
Madison,TOT,2010,86880
Madison,TOT,2011,43120
Madison,TOT,2012,42996
Madison,TOT,2013,43263
Madison,TOT,2014,43988
Madison,TOT,2015,44149
Madison,TOT,2016,43400
Madison,TOT,2017,44077
Madison,TOT,2018,44393
Madison,TOT,2019,44812
Madison,TOT,2020,88408
Madison,TOT,2021,44428
Madison,TOT,2022,43581
Madison,TOT,2023,44602
Madison,WA,2010,79183
Madison,WA,2011,39301
Madison,WA,2012,39137
Madison,WA,2013,39388
Madison,WA,2014,39820
Madison,WA,2015,39861
Madison,WA,2016,39338
Madison,WA,2017,39682
Madison,WA,2018,40043
Madison,WA,2019,40350
Madison,WA,2020,79534
Madison,WA,2021,39677
Madison,WA,2022,39207
Madison,WA,2023,39882
Marion,AA,2010,686
Marion,AA,2011,375
Marion,AA,2012,369
Marion,AA,2013,398
Marion,AA,2014,387
Marion,AA,2015,395
Marion,AA,2016,403
Marion,AA,2017,390
Marion,AA,2018,390
Marion,AA,2019,383
Marion,AA,2020,782
Marion,AA,2021,405
Marion,AA,2022,407
Marion,AA,2023,404
Marion,BA,2010,7728
Marion,BA,2011,4025
Marion,BA,2012,4119
Marion,BA,2013,4116
Marion,BA,2014,4206
Marion,BA,2015,4250
Marion,BA,2016,4349
Marion,BA,2017,4294
Marion,BA,2018,4280
Marion,BA,2019,4239
Marion,BA,2020,8454
Marion,BA,2021,4446
Marion,BA,2022,4245
Marion,BA,2023,4395
Marion,HAA,2010,27
Marion,HAA,2011,17
Marion,HAA,2012,16
Marion,HAA,2013,20
Marion,HAA,2014,30
Marion,HAA,2015,29
Marion,HAA,2016,32
Marion,HAA,2017,27
Marion,HAA,2018,28
Marion,HAA,2019,28
Marion,HAA,2020,62
Marion,HAA,2021,32
Marion,HAA,2022,35
Marion,HAA,2023,37
Marion,HBA,2010,194
Marion,HBA,2011,111
Marion,HBA,2012,107
Marion,HBA,2013,109
Marion,HBA,2014,128
Marion,HBA,2015,140
Marion,HBA,2016,145
Marion,HBA,2017,147
Marion,HBA,2018,139
Marion,HBA,2019,140
Marion,HBA,2020,294
Marion,HBA,2021,154
Marion,HBA,2022,165
Marion,HBA,2023,177
Marion,HIA,2010,104
Marion,HIA,2011,47
Marion,HIA,2012,47
Marion,HIA,2013,42
Marion,HIA,2014,51
Marion,HIA,2015,55
Marion,HIA,2016,56
Marion,HIA,2017,58
Marion,HIA,2018,67
Marion,HIA,2019,71
Marion,HIA,2020,160
Marion,HIA,2021,80
Marion,HIA,2022,77
Marion,HIA,2023,79
Marion,HNA,2010,25
Marion,HNA,2011,14
Marion,HNA,2012,14
Marion,HNA,2013,14
Marion,HNA,2014,14
Marion,HNA,2015,18
Marion,HNA,2016,17
Marion,HNA,2017,16
Marion,HNA,2018,16
Marion,HNA,2019,16
Marion,HNA,2020,31
Marion,HNA,2021,16
Marion,HNA,2022,23
Marion,HNA,2023,25
Marion,HTOM,2010,104
Marion,HTOM,2011,56
Marion,HTOM,2012,63
Marion,HTOM,2013,70
Marion,HTOM,2014,68
Marion,HTOM,2015,73
Marion,HTOM,2016,92
Marion,HTOM,2017,100
Marion,HTOM,2018,129
Marion,HTOM,2019,133
Marion,HTOM,2020,300
Marion,HTOM,2021,139
Marion,HTOM,2022,136
Marion,HTOM,2023,142
Marion,HWA,2010,2574
Marion,HWA,2011,1264
Marion,HWA,2012,1305
Marion,HWA,2013,1270
Marion,HWA,2014,1333
Marion,HWA,2015,1356
Marion,HWA,2016,1358
Marion,HWA,2017,1384
Marion,HWA,2018,1488
Marion,HWA,2019,1512
Marion,HWA,2020,3089
Marion,HWA,2021,1594
Marion,HWA,2022,1641
Marion,HWA,2023,1705
Marion,IA,2010,322
Marion,IA,2011,152
Marion,IA,2012,158
Marion,IA,2013,159
Marion,IA,2014,166
Marion,IA,2015,171
Marion,IA,2016,174
Marion,IA,2017,180
Marion,IA,2018,199
Marion,IA,2019,203
Marion,IA,2020,434
Marion,IA,2021,220
Marion,IA,2022,213
Marion,IA,2023,227
Marion,NHAA,2010,659
Marion,NHAA,2011,358
Marion,NHAA,2012,353
Marion,NHAA,2013,378
Marion,NHAA,2014,357
Marion,NHAA,2015,366
Marion,NHAA,2016,371
Marion,NHAA,2017,363
Marion,NHAA,2018,362
Marion,NHAA,2019,355
Marion,NHAA,2020,720
Marion,NHAA,2021,373
Marion,NHAA,2022,372
Marion,NHAA,2023,367
Marion,NHBA,2010,7534
Marion,NHBA,2011,3914
Marion,NHBA,2012,4012
Marion,NHBA,2013,4007
Marion,NHBA,2014,4078
Marion,NHBA,2015,4110
Marion,NHBA,2016,4204
Marion,NHBA,2017,4147
Marion,NHBA,2018,4141
Marion,NHBA,2019,4099
Marion,NHBA,2020,8160
Marion,NHBA,2021,4292
Marion,NHBA,2022,4080
Marion,NHBA,2023,4218
Marion,NHIA,2010,218
Marion,NHIA,2011,105
Marion,NHIA,2012,111
Marion,NHIA,2013,117
Marion,NHIA,2014,115
Marion,NHIA,2015,116
Marion,NHIA,2016,118
Marion,NHIA,2017,122
Marion,NHIA,2018,132
Marion,NHIA,2019,132
Marion,NHIA,2020,274
Marion,NHIA,2021,140
Marion,NHIA,2022,136
Marion,NHIA,2023,148
Marion,NHNA,2010,38
Marion,NHNA,2011,25
Marion,NHNA,2012,23
Marion,NHNA,2013,23
Marion,NHNA,2014,23
Marion,NHNA,2015,25
Marion,NHNA,2016,25
Marion,NHNA,2017,32
Marion,NHNA,2018,36
Marion,NHNA,2019,36
Marion,NHNA,2020,75
Marion,NHNA,2021,40
Marion,NHNA,2022,42
Marion,NHNA,2023,42
Marion,NHTOM,2010,1994
Marion,NHTOM,2011,1015
Marion,NHTOM,2012,967
Marion,NHTOM,2013,1012
Marion,NHTOM,2014,1065
Marion,NHTOM,2015,1118
Marion,NHTOM,2016,1164
Marion,NHTOM,2017,1175
Marion,NHTOM,2018,1215
Marion,NHTOM,2019,1238
Marion,NHTOM,2020,2617
Marion,NHTOM,2021,1390
Marion,NHTOM,2022,1448
Marion,NHTOM,2023,1492
Marion,NHWA,2010,119470
Marion,NHWA,2011,59688
Marion,NHWA,2012,59283
Marion,NHWA,2013,58934
Marion,NHWA,2014,58560
Marion,NHWA,2015,58064
Marion,NHWA,2016,57899
Marion,NHWA,2017,57542
Marion,NHWA,2018,57673
Marion,NHWA,2019,57297
Marion,NHWA,2020,114426
Marion,NHWA,2021,57060
Marion,NHWA,2022,56454
Marion,NHWA,2023,56419
Marion,TOM,2010,2098
Marion,TOM,2011,1071
Marion,TOM,2012,1030
Marion,TOM,2013,1082
Marion,TOM,2014,1133
Marion,TOM,2015,1191
Marion,TOM,2016,1256
Marion,TOM,2017,1275
Marion,TOM,2018,1344
Marion,TOM,2019,1371
Marion,TOM,2020,2917
Marion,TOM,2021,1529
Marion,TOM,2022,1584
Marion,TOM,2023,1634
Marion,TOT,2010,132941
Marion,TOT,2011,66614
Marion,TOT,2012,66301
Marion,TOT,2013,65996
Marion,TOT,2014,65822
Marion,TOT,2015,65470
Marion,TOT,2016,65481
Marion,TOT,2017,65113
Marion,TOT,2018,65426
Marion,TOT,2019,65057
Marion,TOT,2020,130208
Marion,TOT,2021,65310
Marion,TOT,2022,64609
Marion,TOT,2023,64851
Marion,WA,2010,122044
Marion,WA,2011,60952
Marion,WA,2012,60588
Marion,WA,2013,60204
Marion,WA,2014,59893
Marion,WA,2015,59420
Marion,WA,2016,59257
Marion,WA,2017,58926
Marion,WA,2018,59161
Marion,WA,2019,58809
Marion,WA,2020,117515
Marion,WA,2021,58654
Marion,WA,2022,58095
Marion,WA,2023,58124
Morrow,AA,2010,192
Morrow,AA,2011,98
Morrow,AA,2012,110
Morrow,AA,2013,133
Morrow,AA,2014,138
Morrow,AA,2015,130
Morrow,AA,2016,118
Morrow,AA,2017,128
Morrow,AA,2018,131
Morrow,AA,2019,141
Morrow,AA,2020,325
Morrow,AA,2021,160
Morrow,AA,2022,174
Morrow,AA,2023,172
Morrow,BA,2010,289
Morrow,BA,2011,160
Morrow,BA,2012,174
Morrow,BA,2013,188
Morrow,BA,2014,198
Morrow,BA,2015,224
Morrow,BA,2016,215
Morrow,BA,2017,241
Morrow,BA,2018,254
Morrow,BA,2019,271
Morrow,BA,2020,573
Morrow,BA,2021,304
Morrow,BA,2022,348
Morrow,BA,2023,363
Morrow,HAA,2010,8
Morrow,HAA,2011,7
Morrow,HAA,2012,5
Morrow,HAA,2013,10
Morrow,HAA,2014,8
Morrow,HAA,2015,7
Morrow,HAA,2016,7
Morrow,HAA,2017,8
Morrow,HAA,2018,7
Morrow,HAA,2019,10
Morrow,HAA,2020,18
Morrow,HAA,2021,7
Morrow,HAA,2022,9
Morrow,HAA,2023,10
Morrow,HBA,2010,20
Morrow,HBA,2011,10
Morrow,HBA,2012,12
Morrow,HBA,2013,12
Morrow,HBA,2014,15
Morrow,HBA,2015,20
Morrow,HBA,2016,23
Morrow,HBA,2017,21
Morrow,HBA,2018,27
Morrow,HBA,2019,28
Morrow,HBA,2020,52
Morrow,HBA,2021,38
Morrow,HBA,2022,36
Morrow,HBA,2023,43
Morrow,HIA,2010,9
Morrow,HIA,2011,6
Morrow,HIA,2012,6
Morrow,HIA,2013,6
Morrow,HIA,2014,7
Morrow,HIA,2015,6
Morrow,HIA,2016,11
Morrow,HIA,2017,21
Morrow,HIA,2018,24
Morrow,HIA,2019,25
Morrow,HIA,2020,48
Morrow,HIA,2021,24
Morrow,HIA,2022,24
Morrow,HIA,2023,25
Morrow,HNA,2010,0
Morrow,HNA,2011,0
Morrow,HNA,2012,0
Morrow,HNA,2013,0
Morrow,HNA,2014,0
Morrow,HNA,2015,1
Morrow,HNA,2016,0
Morrow,HNA,2017,0
Morrow,HNA,2018,0
Morrow,HNA,2019,0
Morrow,HNA,2020,5
Morrow,HNA,2021,2
Morrow,HNA,2022,6
Morrow,HNA,2023,6
Morrow,HTOM,2010,31
Morrow,HTOM,2011,18
Morrow,HTOM,2012,21
Morrow,HTOM,2013,21
Morrow,HTOM,2014,24
Morrow,HTOM,2015,29
Morrow,HTOM,2016,23
Morrow,HTOM,2017,23
Morrow,HTOM,2018,21
Morrow,HTOM,2019,22
Morrow,HTOM,2020,49
Morrow,HTOM,2021,25
Morrow,HTOM,2022,27
Morrow,HTOM,2023,36
Morrow,HWA,2010,682
Morrow,HWA,2011,377
Morrow,HWA,2012,419
Morrow,HWA,2013,443
Morrow,HWA,2014,434
Morrow,HWA,2015,451
Morrow,HWA,2016,428
Morrow,HWA,2017,437
Morrow,HWA,2018,476
Morrow,HWA,2019,479
Morrow,HWA,2020,1002
Morrow,HWA,2021,533
Morrow,HWA,2022,580
Morrow,HWA,2023,598
Morrow,IA,2010,105
Morrow,IA,2011,48
Morrow,IA,2012,50
Morrow,IA,2013,50
Morrow,IA,2014,53
Morrow,IA,2015,57
Morrow,IA,2016,66
Morrow,IA,2017,76
Morrow,IA,2018,80
Morrow,IA,2019,82
Morrow,IA,2020,164
Morrow,IA,2021,86
Morrow,IA,2022,93
Morrow,IA,2023,92
Morrow,NHAA,2010,184
Morrow,NHAA,2011,91
Morrow,NHAA,2012,105
Morrow,NHAA,2013,123
Morrow,NHAA,2014,130
Morrow,NHAA,2015,123
Morrow,NHAA,2016,111
Morrow,NHAA,2017,120
Morrow,NHAA,2018,124
Morrow,NHAA,2019,131
Morrow,NHAA,2020,307
Morrow,NHAA,2021,153
Morrow,NHAA,2022,165
Morrow,NHAA,2023,162
Morrow,NHBA,2010,269
Morrow,NHBA,2011,150
Morrow,NHBA,2012,162
Morrow,NHBA,2013,176
Morrow,NHBA,2014,183
Morrow,NHBA,2015,204
Morrow,NHBA,2016,192
Morrow,NHBA,2017,220
Morrow,NHBA,2018,227
Morrow,NHBA,2019,243
Morrow,NHBA,2020,521
Morrow,NHBA,2021,266
Morrow,NHBA,2022,312
Morrow,NHBA,2023,320
Morrow,NHIA,2010,96
Morrow,NHIA,2011,42
Morrow,NHIA,2012,44
Morrow,NHIA,2013,44
Morrow,NHIA,2014,46
Morrow,NHIA,2015,51
Morrow,NHIA,2016,55
Morrow,NHIA,2017,55
Morrow,NHIA,2018,56
Morrow,NHIA,2019,57
Morrow,NHIA,2020,116
Morrow,NHIA,2021,62
Morrow,NHIA,2022,69
Morrow,NHIA,2023,67
Morrow,NHNA,2010,11
Morrow,NHNA,2011,9
Morrow,NHNA,2012,9
Morrow,NHNA,2013,9
Morrow,NHNA,2014,12
Morrow,NHNA,2015,11
Morrow,NHNA,2016,11
Morrow,NHNA,2017,11
Morrow,NHNA,2018,11
Morrow,NHNA,2019,15
Morrow,NHNA,2020,28
Morrow,NHNA,2021,12
Morrow,NHNA,2022,12
Morrow,NHNA,2023,11
Morrow,NHTOM,2010,802
Morrow,NHTOM,2011,445
Morrow,NHTOM,2012,468
Morrow,NHTOM,2013,449
Morrow,NHTOM,2014,450
Morrow,NHTOM,2015,472
Morrow,NHTOM,2016,496
Morrow,NHTOM,2017,482
Morrow,NHTOM,2018,479
Morrow,NHTOM,2019,521
Morrow,NHTOM,2020,1002
Morrow,NHTOM,2021,530
Morrow,NHTOM,2022,555
Morrow,NHTOM,2023,594
Morrow,NHWA,2010,67471
Morrow,NHWA,2011,33658
Morrow,NHWA,2012,33588
Morrow,NHWA,2013,33558
Morrow,NHWA,2014,33632
Morrow,NHWA,2015,33579
Morrow,NHWA,2016,33571
Morrow,NHWA,2017,33530
Morrow,NHWA,2018,33681
Morrow,NHWA,2019,33811
Morrow,NHWA,2020,67243
Morrow,NHWA,2021,33553
Morrow,NHWA,2022,33541
Morrow,NHWA,2023,33723
Morrow,TOM,2010,833
Morrow,TOM,2011,463
Morrow,TOM,2012,489
Morrow,TOM,2013,470
Morrow,TOM,2014,474
Morrow,TOM,2015,501
Morrow,TOM,2016,519
Morrow,TOM,2017,505
Morrow,TOM,2018,500
Morrow,TOM,2019,543
Morrow,TOM,2020,1051
Morrow,TOM,2021,555
Morrow,TOM,2022,582
Morrow,TOM,2023,630
Morrow,TOT,2010,69583
Morrow,TOT,2011,34813
Morrow,TOT,2012,34839
Morrow,TOT,2013,34851
Morrow,TOT,2014,34941
Morrow,TOT,2015,34954
Morrow,TOT,2016,34928
Morrow,TOT,2017,34928
Morrow,TOT,2018,35133
Morrow,TOT,2019,35342
Morrow,TOT,2020,70391
Morrow,TOT,2021,35205
Morrow,TOT,2022,35336
Morrow,TOT,2023,35595
Morrow,WA,2010,68153
Morrow,WA,2011,34035
Morrow,WA,2012,34007
Morrow,WA,2013,34001
Morrow,WA,2014,34066
Morrow,WA,2015,34030
Morrow,WA,2016,33999
Morrow,WA,2017,33967
Morrow,WA,2018,34157
Morrow,WA,2019,34290
Morrow,WA,2020,68245
Morrow,WA,2021,34086
Morrow,WA,2022,34121
Morrow,WA,2023,34321
Perry,AA,2010,101
Perry,AA,2011,43
Perry,AA,2012,53
Perry,AA,2013,53
Perry,AA,2014,57
Perry,AA,2015,62
Perry,AA,2016,64
Perry,AA,2017,63
Perry,AA,2018,65
Perry,AA,2019,75
Perry,AA,2020,149
Perry,AA,2021,80
Perry,AA,2022,83
Perry,AA,2023,90
Perry,BA,2010,222
Perry,BA,2011,121
Perry,BA,2012,136
Perry,BA,2013,134
Perry,BA,2014,147
Perry,BA,2015,143
Perry,BA,2016,145
Perry,BA,2017,161
Perry,BA,2018,182
Perry,BA,2019,181
Perry,BA,2020,393
Perry,BA,2021,211
Perry,BA,2022,243
Perry,BA,2023,247
Perry,HAA,2010,5
Perry,HAA,2011,4
Perry,HAA,2012,3
Perry,HAA,2013,3
Perry,HAA,2014,6
Perry,HAA,2015,5
Perry,HAA,2016,5
Perry,HAA,2017,5
Perry,HAA,2018,5
Perry,HAA,2019,5
Perry,HAA,2020,9
Perry,HAA,2021,4
Perry,HAA,2022,4
Perry,HAA,2023,6
Perry,HBA,2010,15
Perry,HBA,2011,8
Perry,HBA,2012,10
Perry,HBA,2013,10
Perry,HBA,2014,15
Perry,HBA,2015,10
Perry,HBA,2016,13
Perry,HBA,2017,13
Perry,HBA,2018,12
Perry,HBA,2019,12
Perry,HBA,2020,23
Perry,HBA,2021,12
Perry,HBA,2022,14
Perry,HBA,2023,14
Perry,HIA,2010,8
Perry,HIA,2011,4
Perry,HIA,2012,4
Perry,HIA,2013,4
Perry,HIA,2014,6
Perry,HIA,2015,5
Perry,HIA,2016,5
Perry,HIA,2017,7
Perry,HIA,2018,8
Perry,HIA,2019,8
Perry,HIA,2020,15
Perry,HIA,2021,7
Perry,HIA,2022,7
Perry,HIA,2023,9
Perry,HNA,2010,6
Perry,HNA,2011,3
Perry,HNA,2012,3
Perry,HNA,2013,3
Perry,HNA,2014,3
Perry,HNA,2015,3
Perry,HNA,2016,3
Perry,HNA,2017,3
Perry,HNA,2018,2
Perry,HNA,2019,2
Perry,HNA,2020,4
Perry,HNA,2021,2
Perry,HNA,2022,2
Perry,HNA,2023,2
Perry,HTOM,2010,30
Perry,HTOM,2011,18
Perry,HTOM,2012,21
Perry,HTOM,2013,21
Perry,HTOM,2014,20
Perry,HTOM,2015,18
Perry,HTOM,2016,18
Perry,HTOM,2017,20
Perry,HTOM,2018,21
Perry,HTOM,2019,23
Perry,HTOM,2020,50
Perry,HTOM,2021,32
Perry,HTOM,2022,32
Perry,HTOM,2023,33
Perry,HWA,2010,324
Perry,HWA,2011,187
Perry,HWA,2012,193
Perry,HWA,2013,205
Perry,HWA,2014,226
Perry,HWA,2015,247
Perry,HWA,2016,257
Perry,HWA,2017,275
Perry,HWA,2018,266
Perry,HWA,2019,272
Perry,HWA,2020,489
Perry,HWA,2021,234
Perry,HWA,2022,252
Perry,HWA,2023,284
Perry,IA,2010,180
Perry,IA,2011,96
Perry,IA,2012,99
Perry,IA,2013,116
Perry,IA,2014,116
Perry,IA,2015,116
Perry,IA,2016,120
Perry,IA,2017,119
Perry,IA,2018,118
Perry,IA,2019,127
Perry,IA,2020,247
Perry,IA,2021,126
Perry,IA,2022,127
Perry,IA,2023,131
Perry,NHAA,2010,96
Perry,NHAA,2011,39
Perry,NHAA,2012,50
Perry,NHAA,2013,50
Perry,NHAA,2014,51
Perry,NHAA,2015,57
Perry,NHAA,2016,59
Perry,NHAA,2017,58
Perry,NHAA,2018,60
Perry,NHAA,2019,70
Perry,NHAA,2020,140
Perry,NHAA,2021,76
Perry,NHAA,2022,79
Perry,NHAA,2023,84
Perry,NHBA,2010,207
Perry,NHBA,2011,113
Perry,NHBA,2012,126
Perry,NHBA,2013,124
Perry,NHBA,2014,132
Perry,NHBA,2015,133
Perry,NHBA,2016,132
Perry,NHBA,2017,148
Perry,NHBA,2018,170
Perry,NHBA,2019,169
Perry,NHBA,2020,370
Perry,NHBA,2021,199
Perry,NHBA,2022,229
Perry,NHBA,2023,233
Perry,NHIA,2010,172
Perry,NHIA,2011,92
Perry,NHIA,2012,95
Perry,NHIA,2013,112
Perry,NHIA,2014,110
Perry,NHIA,2015,111
Perry,NHIA,2016,115
Perry,NHIA,2017,112
Perry,NHIA,2018,110
Perry,NHIA,2019,119
Perry,NHIA,2020,232
Perry,NHIA,2021,119
Perry,NHIA,2022,120
Perry,NHIA,2023,122
Perry,NHNA,2010,12
Perry,NHNA,2011,6
Perry,NHNA,2012,6
Perry,NHNA,2013,9
Perry,NHNA,2014,10
Perry,NHNA,2015,11
Perry,NHNA,2016,19
Perry,NHNA,2017,26
Perry,NHNA,2018,32
Perry,NHNA,2019,41
Perry,NHNA,2020,93
Perry,NHNA,2021,47
Perry,NHNA,2022,46
Perry,NHNA,2023,46
Perry,NHTOM,2010,865
Perry,NHTOM,2011,448
Perry,NHTOM,2012,437
Perry,NHTOM,2013,431
Perry,NHTOM,2014,471
Perry,NHTOM,2015,489
Perry,NHTOM,2016,501
Perry,NHTOM,2017,501
Perry,NHTOM,2018,501
Perry,NHTOM,2019,510
Perry,NHTOM,2020,1034
Perry,NHTOM,2021,548
Perry,NHTOM,2022,569
Perry,NHTOM,2023,578
Perry,NHWA,2010,70355
Perry,NHWA,2011,35307
Perry,NHWA,2012,35035
Perry,NHWA,2013,35028
Perry,NHWA,2014,34876
Perry,NHWA,2015,34881
Perry,NHWA,2016,34888
Perry,NHWA,2017,34807
Perry,NHWA,2018,34859
Perry,NHWA,2019,34896
Perry,NHWA,2020,69202
Perry,NHWA,2021,34184
Perry,NHWA,2022,34117
Perry,NHWA,2023,34140
Perry,TOM,2010,895
Perry,TOM,2011,466
Perry,TOM,2012,458
Perry,TOM,2013,452
Perry,TOM,2014,491
Perry,TOM,2015,507
Perry,TOM,2016,519
Perry,TOM,2017,521
Perry,TOM,2018,522
Perry,TOM,2019,533
Perry,TOM,2020,1084
Perry,TOM,2021,580
Perry,TOM,2022,601
Perry,TOM,2023,611
Perry,TOT,2010,72095
Perry,TOT,2011,36229
Perry,TOT,2012,35983
Perry,TOT,2013,36000
Perry,TOT,2014,35926
Perry,TOT,2015,35970
Perry,TOT,2016,36015
Perry,TOT,2017,35975
Perry,TOT,2018,36046
Perry,TOT,2019,36127
Perry,TOT,2020,71661
Perry,TOT,2021,35464
Perry,TOT,2022,35471
Perry,TOT,2023,35551
Perry,WA,2010,70679
Perry,WA,2011,35494
Perry,WA,2012,35228
Perry,WA,2013,35233
Perry,WA,2014,35102
Perry,WA,2015,35128
Perry,WA,2016,35145
Perry,WA,2017,35082
Perry,WA,2018,35125
Perry,WA,2019,35168
Perry,WA,2020,69691
Perry,WA,2021,34418
Perry,WA,2022,34369
Perry,WA,2023,34424
Pickaway,AA,2010,455
Pickaway,AA,2011,232
Pickaway,AA,2012,239
Pickaway,AA,2013,236
Pickaway,AA,2014,242
Pickaway,AA,2015,261
Pickaway,AA,2016,270
Pickaway,AA,2017,287
Pickaway,AA,2018,299
Pickaway,AA,2019,314
Pickaway,AA,2020,654
Pickaway,AA,2021,333
Pickaway,AA,2022,376
Pickaway,AA,2023,381
Pickaway,BA,2010,3781
Pickaway,BA,2011,1876
Pickaway,BA,2012,2001
Pickaway,BA,2013,2032
Pickaway,BA,2014,2053
Pickaway,BA,2015,2010
Pickaway,BA,2016,2222
Pickaway,BA,2017,2221
Pickaway,BA,2018,2268
Pickaway,BA,2019,2286
Pickaway,BA,2020,4382
Pickaway,BA,2021,2078
Pickaway,BA,2022,2249
Pickaway,BA,2023,2430
Pickaway,HAA,2010,22
Pickaway,HAA,2011,11
Pickaway,HAA,2012,11
Pickaway,HAA,2013,11
Pickaway,HAA,2014,11
Pickaway,HAA,2015,11
Pickaway,HAA,2016,11
Pickaway,HAA,2017,12
Pickaway,HAA,2018,11
Pickaway,HAA,2019,11
Pickaway,HAA,2020,20
Pickaway,HAA,2021,10
Pickaway,HAA,2022,10
Pickaway,HAA,2023,10
Pickaway,HBA,2010,22
Pickaway,HBA,2011,12
Pickaway,HBA,2012,14
Pickaway,HBA,2013,18
Pickaway,HBA,2014,21
Pickaway,HBA,2015,26
Pickaway,HBA,2016,31
Pickaway,HBA,2017,43
Pickaway,HBA,2018,60
Pickaway,HBA,2019,63
Pickaway,HBA,2020,150
Pickaway,HBA,2021,84
Pickaway,HBA,2022,97
Pickaway,HBA,2023,96
Pickaway,HIA,2010,23
Pickaway,HIA,2011,23
Pickaway,HIA,2012,25
Pickaway,HIA,2013,26
Pickaway,HIA,2014,27
Pickaway,HIA,2015,30
Pickaway,HIA,2016,31
Pickaway,HIA,2017,43
Pickaway,HIA,2018,46
Pickaway,HIA,2019,43
Pickaway,HIA,2020,82
Pickaway,HIA,2021,41
Pickaway,HIA,2022,41
Pickaway,HIA,2023,35
Pickaway,HNA,2010,0
Pickaway,HNA,2011,0
Pickaway,HNA,2012,0
Pickaway,HNA,2013,2
Pickaway,HNA,2014,2
Pickaway,HNA,2015,0
Pickaway,HNA,2016,0
Pickaway,HNA,2017,3
Pickaway,HNA,2018,3
Pickaway,HNA,2019,3
Pickaway,HNA,2020,6
Pickaway,HNA,2021,9
Pickaway,HNA,2022,11
Pickaway,HNA,2023,8
Pickaway,HTOM,2010,54
Pickaway,HTOM,2011,26
Pickaway,HTOM,2012,29
Pickaway,HTOM,2013,37
Pickaway,HTOM,2014,45
Pickaway,HTOM,2015,50
Pickaway,HTOM,2016,44
Pickaway,HTOM,2017,41
Pickaway,HTOM,2018,41
Pickaway,HTOM,2019,47
Pickaway,HTOM,2020,99
Pickaway,HTOM,2021,47
Pickaway,HTOM,2022,52
Pickaway,HTOM,2023,71
Pickaway,HWA,2010,1075
Pickaway,HWA,2011,572
Pickaway,HWA,2012,587
Pickaway,HWA,2013,650
Pickaway,HWA,2014,647
Pickaway,HWA,2015,671
Pickaway,HWA,2016,672
Pickaway,HWA,2017,680
Pickaway,HWA,2018,692
Pickaway,HWA,2019,725
Pickaway,HWA,2020,1537
Pickaway,HWA,2021,798
Pickaway,HWA,2022,938
Pickaway,HWA,2023,1048
Pickaway,IA,2010,220
Pickaway,IA,2011,127
Pickaway,IA,2012,132
Pickaway,IA,2013,140
Pickaway,IA,2014,146
Pickaway,IA,2015,144
Pickaway,IA,2016,155
Pickaway,IA,2017,169
Pickaway,IA,2018,172
Pickaway,IA,2019,169
Pickaway,IA,2020,341
Pickaway,IA,2021,179
Pickaway,IA,2022,181
Pickaway,IA,2023,182
Pickaway,NHAA,2010,433
Pickaway,NHAA,2011,221
Pickaway,NHAA,2012,228
Pickaway,NHAA,2013,225
Pickaway,NHAA,2014,231
Pickaway,NHAA,2015,250
Pickaway,NHAA,2016,259
Pickaway,NHAA,2017,275
Pickaway,NHAA,2018,288
Pickaway,NHAA,2019,303
Pickaway,NHAA,2020,634
Pickaway,NHAA,2021,323
Pickaway,NHAA,2022,366
Pickaway,NHAA,2023,371
Pickaway,NHBA,2010,3759
Pickaway,NHBA,2011,1864
Pickaway,NHBA,2012,1987
Pickaway,NHBA,2013,2014
Pickaway,NHBA,2014,2032
Pickaway,NHBA,2015,1984
Pickaway,NHBA,2016,2191
Pickaway,NHBA,2017,2178
Pickaway,NHBA,2018,2208
Pickaway,NHBA,2019,2223
Pickaway,NHBA,2020,4232
Pickaway,NHBA,2021,1994
Pickaway,NHBA,2022,2152
Pickaway,NHBA,2023,2334
Pickaway,NHIA,2010,197
Pickaway,NHIA,2011,104
Pickaway,NHIA,2012,107
Pickaway,NHIA,2013,114
Pickaway,NHIA,2014,119
Pickaway,NHIA,2015,114
Pickaway,NHIA,2016,124
Pickaway,NHIA,2017,126
Pickaway,NHIA,2018,126
Pickaway,NHIA,2019,126
Pickaway,NHIA,2020,259
Pickaway,NHIA,2021,138
Pickaway,NHIA,2022,140
Pickaway,NHIA,2023,147
Pickaway,NHNA,2010,21
Pickaway,NHNA,2011,11
Pickaway,NHNA,2012,16
Pickaway,NHNA,2013,17
Pickaway,NHNA,2014,16
Pickaway,NHNA,2015,18
Pickaway,NHNA,2016,13
Pickaway,NHNA,2017,13
Pickaway,NHNA,2018,15
Pickaway,NHNA,2019,16
Pickaway,NHNA,2020,30
Pickaway,NHNA,2021,17
Pickaway,NHNA,2022,17
Pickaway,NHNA,2023,18
Pickaway,NHTOM,2010,1230
Pickaway,NHTOM,2011,646
Pickaway,NHTOM,2012,703
Pickaway,NHTOM,2013,725
Pickaway,NHTOM,2014,772
Pickaway,NHTOM,2015,809
Pickaway,NHTOM,2016,849
Pickaway,NHTOM,2017,872
Pickaway,NHTOM,2018,892
Pickaway,NHTOM,2019,934
Pickaway,NHTOM,2020,1939
Pickaway,NHTOM,2021,1045
Pickaway,NHTOM,2022,1123
Pickaway,NHTOM,2023,1153
Pickaway,NHWA,2010,104704
Pickaway,NHWA,2011,52456
Pickaway,NHWA,2012,52528
Pickaway,NHWA,2013,52513
Pickaway,NHWA,2014,52780
Pickaway,NHWA,2015,53028
Pickaway,NHWA,2016,53288
Pickaway,NHWA,2017,53483
Pickaway,NHWA,2018,53717
Pickaway,NHWA,2019,54027
Pickaway,NHWA,2020,108326
Pickaway,NHWA,2021,54259
Pickaway,NHWA,2022,55060
Pickaway,NHWA,2023,55795
Pickaway,TOM,2010,1284
Pickaway,TOM,2011,672
Pickaway,TOM,2012,732
Pickaway,TOM,2013,762
Pickaway,TOM,2014,817
Pickaway,TOM,2015,859
Pickaway,TOM,2016,893
Pickaway,TOM,2017,913
Pickaway,TOM,2018,933
Pickaway,TOM,2019,981
Pickaway,TOM,2020,2038
Pickaway,TOM,2021,1092
Pickaway,TOM,2022,1175
Pickaway,TOM,2023,1224
Pickaway,TOT,2010,111540
Pickaway,TOT,2011,55946
Pickaway,TOT,2012,56235
Pickaway,TOT,2013,56352
Pickaway,TOT,2014,56703
Pickaway,TOT,2015,56991
Pickaway,TOT,2016,57513
Pickaway,TOT,2017,57769
Pickaway,TOT,2018,58099
Pickaway,TOT,2019,58521
Pickaway,TOT,2020,117314
Pickaway,TOT,2021,58765
Pickaway,TOT,2022,60007
Pickaway,TOT,2023,61086
Pickaway,WA,2010,105779
Pickaway,WA,2011,53028
Pickaway,WA,2012,53115
Pickaway,WA,2013,53163
Pickaway,WA,2014,53427
Pickaway,WA,2015,53699
Pickaway,WA,2016,53960
Pickaway,WA,2017,54163
Pickaway,WA,2018,54409
Pickaway,WA,2019,54752
Pickaway,WA,2020,109863
Pickaway,WA,2021,55057
Pickaway,WA,2022,55998
Pickaway,WA,2023,56843
Ross,AA,2010,628
Ross,AA,2011,334
Ross,AA,2012,336
Ross,AA,2013,373
Ross,AA,2014,380
Ross,AA,2015,404
Ross,AA,2016,405
Ross,AA,2017,399
Ross,AA,2018,426
Ross,AA,2019,421
Ross,AA,2020,788
Ross,AA,2021,390
Ross,AA,2022,400
Ross,AA,2023,431
Ross,BA,2010,9777
Ross,BA,2011,4745
Ross,BA,2012,4640
Ross,BA,2013,4608
Ross,BA,2014,4618
Ross,BA,2015,4547
Ross,BA,2016,4552
Ross,BA,2017,4731
Ross,BA,2018,4477
Ross,BA,2019,4349
Ross,BA,2020,8696
Ross,BA,2021,4282
Ross,BA,2022,4396
Ross,BA,2023,4391
Ross,HAA,2010,12
Ross,HAA,2011,7
Ross,HAA,2012,7
Ross,HAA,2013,7
Ross,HAA,2014,6
Ross,HAA,2015,6
Ross,HAA,2016,7
Ross,HAA,2017,7
Ross,HAA,2018,9
Ross,HAA,2019,11
Ross,HAA,2020,21
Ross,HAA,2021,11
Ross,HAA,2022,11
Ross,HAA,2023,12
Ross,HBA,2010,105
Ross,HBA,2011,52
Ross,HBA,2012,59
Ross,HBA,2013,64
Ross,HBA,2014,65
Ross,HBA,2015,61
Ross,HBA,2016,68
Ross,HBA,2017,69
Ross,HBA,2018,66
Ross,HBA,2019,78
Ross,HBA,2020,163
Ross,HBA,2021,69
Ross,HBA,2022,84
Ross,HBA,2023,81
Ross,HIA,2010,42
Ross,HIA,2011,20
Ross,HIA,2012,24
Ross,HIA,2013,25
Ross,HIA,2014,27
Ross,HIA,2015,34
Ross,HIA,2016,28
Ross,HIA,2017,32
Ross,HIA,2018,34
Ross,HIA,2019,38
Ross,HIA,2020,74
Ross,HIA,2021,33
Ross,HIA,2022,35
Ross,HIA,2023,41
Ross,HNA,2010,4
Ross,HNA,2011,2
Ross,HNA,2012,5
Ross,HNA,2013,5
Ross,HNA,2014,5
Ross,HNA,2015,5
Ross,HNA,2016,5
Ross,HNA,2017,5
Ross,HNA,2018,5
Ross,HNA,2019,5
Ross,HNA,2020,9
Ross,HNA,2021,4
Ross,HNA,2022,6
Ross,HNA,2023,9
Ross,HTOM,2010,149
Ross,HTOM,2011,70
Ross,HTOM,2012,73
Ross,HTOM,2013,75
Ross,HTOM,2014,89
Ross,HTOM,2015,86
Ross,HTOM,2016,95
Ross,HTOM,2017,97
Ross,HTOM,2018,101
Ross,HTOM,2019,110
Ross,HTOM,2020,240
Ross,HTOM,2021,116
Ross,HTOM,2022,125
Ross,HTOM,2023,134
Ross,HWA,2010,1203
Ross,HWA,2011,674
Ross,HWA,2012,681
Ross,HWA,2013,673
Ross,HWA,2014,693
Ross,HWA,2015,697
Ross,HWA,2016,728
Ross,HWA,2017,765
Ross,HWA,2018,806
Ross,HWA,2019,822
Ross,HWA,2020,1628
Ross,HWA,2021,792
Ross,HWA,2022,838
Ross,HWA,2023,853
Ross,IA,2010,477
Ross,IA,2011,232
Ross,IA,2012,235
Ross,IA,2013,243
Ross,IA,2014,245
Ross,IA,2015,256
Ross,IA,2016,251
Ross,IA,2017,247
Ross,IA,2018,254
Ross,IA,2019,276
Ross,IA,2020,546
Ross,IA,2021,268
Ross,IA,2022,284
Ross,IA,2023,288
Ross,NHAA,2010,616
Ross,NHAA,2011,327
Ross,NHAA,2012,329
Ross,NHAA,2013,366
Ross,NHAA,2014,374
Ross,NHAA,2015,398
Ross,NHAA,2016,398
Ross,NHAA,2017,392
Ross,NHAA,2018,417
Ross,NHAA,2019,410
Ross,NHAA,2020,767
Ross,NHAA,2021,379
Ross,NHAA,2022,389
Ross,NHAA,2023,419
Ross,NHBA,2010,9672
Ross,NHBA,2011,4693
Ross,NHBA,2012,4581
Ross,NHBA,2013,4544
Ross,NHBA,2014,4553
Ross,NHBA,2015,4486
Ross,NHBA,2016,4484
Ross,NHBA,2017,4662
Ross,NHBA,2018,4411
Ross,NHBA,2019,4271
Ross,NHBA,2020,8533
Ross,NHBA,2021,4213
Ross,NHBA,2022,4312
Ross,NHBA,2023,4310
Ross,NHIA,2010,435
Ross,NHIA,2011,212
Ross,NHIA,2012,211
Ross,NHIA,2013,218
Ross,NHIA,2014,218
Ross,NHIA,2015,222
Ross,NHIA,2016,223
Ross,NHIA,2017,215
Ross,NHIA,2018,220
Ross,NHIA,2019,238
Ross,NHIA,2020,472
Ross,NHIA,2021,235
Ross,NHIA,2022,249
Ross,NHIA,2023,247
Ross,NHNA,2010,13
Ross,NHNA,2011,6
Ross,NHNA,2012,6
Ross,NHNA,2013,6
Ross,NHNA,2014,12
Ross,NHNA,2015,13
Ross,NHNA,2016,17
Ross,NHNA,2017,20
Ross,NHNA,2018,19
Ross,NHNA,2019,20
Ross,NHNA,2020,39
Ross,NHNA,2021,21
Ross,NHNA,2022,24
Ross,NHNA,2023,32
Ross,NHTOM,2010,3012
Ross,NHTOM,2011,1574
Ross,NHTOM,2012,1609
Ross,NHTOM,2013,1676
Ross,NHTOM,2014,1686
Ross,NHTOM,2015,1736
Ross,NHTOM,2016,1783
Ross,NHTOM,2017,1847
Ross,NHTOM,2018,1861
Ross,NHTOM,2019,1962
Ross,NHTOM,2020,4021
Ross,NHTOM,2021,2014
Ross,NHTOM,2022,2070
Ross,NHTOM,2023,2170
Ross,NHWA,2010,140929
Ross,NHWA,2011,69957
Ross,NHWA,2012,69774
Ross,NHWA,2013,69640
Ross,NHWA,2014,69388
Ross,NHWA,2015,69323
Ross,NHWA,2016,69052
Ross,NHWA,2017,69188
Ross,NHWA,2018,68910
Ross,NHWA,2019,68648
Ross,NHWA,2020,137502
Ross,NHWA,2021,68613
Ross,NHWA,2022,68365
Ross,NHWA,2023,68193
Ross,TOM,2010,3161
Ross,TOM,2011,1644
Ross,TOM,2012,1682
Ross,TOM,2013,1751
Ross,TOM,2014,1775
Ross,TOM,2015,1822
Ross,TOM,2016,1878
Ross,TOM,2017,1944
Ross,TOM,2018,1962
Ross,TOM,2019,2072
Ross,TOM,2020,4261
Ross,TOM,2021,2130
Ross,TOM,2022,2195
Ross,TOM,2023,2304
Ross,TOT,2010,156192
Ross,TOT,2011,77594
Ross,TOT,2012,77359
Ross,TOT,2013,77299
Ross,TOT,2014,77116
Ross,TOT,2015,77067
Ross,TOT,2016,76888
Ross,TOT,2017,77299
Ross,TOT,2018,76859
Ross,TOT,2019,76613
Ross,TOT,2020,153469
Ross,TOT,2021,76500
Ross,TOT,2022,76508
Ross,TOT,2023,76501
Ross,WA,2010,142132
Ross,WA,2011,70631
Ross,WA,2012,70455
Ross,WA,2013,70313
Ross,WA,2014,70081
Ross,WA,2015,70020
Ross,WA,2016,69780
Ross,WA,2017,69953
Ross,WA,2018,69716
Ross,WA,2019,69470
Ross,WA,2020,139130
Ross,WA,2021,69405
Ross,WA,2022,69203
Ross,WA,2023,69046
Union,AA,2010,2942
Union,AA,2011,1527
Union,AA,2012,1531
Union,AA,2013,1617
Union,AA,2014,1818
Union,AA,2015,2020
Union,AA,2016,2216
Union,AA,2017,2407
Union,AA,2018,2700
Union,AA,2019,2989
Union,AA,2020,6630
Union,AA,2021,3648
Union,AA,2022,4006
Union,AA,2023,4643
Union,BA,2010,2514
Union,BA,2011,1331
Union,BA,2012,1215
Union,BA,2013,1284
Union,BA,2014,1311
Union,BA,2015,1349
Union,BA,2016,1451
Union,BA,2017,1475
Union,BA,2018,1497
Union,BA,2019,1533
Union,BA,2020,3351
Union,BA,2021,1870
Union,BA,2022,1889
Union,BA,2023,2125
Union,HAA,2010,19
Union,HAA,2011,11
Union,HAA,2012,11
Union,HAA,2013,11
Union,HAA,2014,11
Union,HAA,2015,12
Union,HAA,2016,12
Union,HAA,2017,13
Union,HAA,2018,12
Union,HAA,2019,13
Union,HAA,2020,24
Union,HAA,2021,11
Union,HAA,2022,10
Union,HAA,2023,17
Union,HBA,2010,71
Union,HBA,2011,36
Union,HBA,2012,41
Union,HBA,2013,44
Union,HBA,2014,42
Union,HBA,2015,52
Union,HBA,2016,56
Union,HBA,2017,54
Union,HBA,2018,57
Union,HBA,2019,53
Union,HBA,2020,105
Union,HBA,2021,76
Union,HBA,2022,110
Union,HBA,2023,115
Union,HIA,2010,24
Union,HIA,2011,13
Union,HIA,2012,19
Union,HIA,2013,20
Union,HIA,2014,23
Union,HIA,2015,25
Union,HIA,2016,26
Union,HIA,2017,30
Union,HIA,2018,29
Union,HIA,2019,28
Union,HIA,2020,57
Union,HIA,2021,28
Union,HIA,2022,31
Union,HIA,2023,42
Union,HNA,2010,5
Union,HNA,2011,3
Union,HNA,2012,3
Union,HNA,2013,3
Union,HNA,2014,3
Union,HNA,2015,3
Union,HNA,2016,3
Union,HNA,2017,3
Union,HNA,2018,3
Union,HNA,2019,3
Union,HNA,2020,7
Union,HNA,2021,3
Union,HNA,2022,3
Union,HNA,2023,3
Union,HTOM,2010,56
Union,HTOM,2011,28
Union,HTOM,2012,37
Union,HTOM,2013,41
Union,HTOM,2014,48
Union,HTOM,2015,48
Union,HTOM,2016,54
Union,HTOM,2017,63
Union,HTOM,2018,72
Union,HTOM,2019,86
Union,HTOM,2020,180
Union,HTOM,2021,89
Union,HTOM,2022,105
Union,HTOM,2023,108
Union,HWA,2010,1156
Union,HWA,2011,601
Union,HWA,2012,623
Union,HWA,2013,650
Union,HWA,2014,698
Union,HWA,2015,747
Union,HWA,2016,732
Union,HWA,2017,778
Union,HWA,2018,878
Union,HWA,2019,1007
Union,HWA,2020,2469
Union,HWA,2021,1632
Union,HWA,2022,1911
Union,HWA,2023,2274
Union,IA,2010,245
Union,IA,2011,122
Union,IA,2012,126
Union,IA,2013,124
Union,IA,2014,121
Union,IA,2015,123
Union,IA,2016,131
Union,IA,2017,134
Union,IA,2018,145
Union,IA,2019,150
Union,IA,2020,276
Union,IA,2021,145
Union,IA,2022,154
Union,IA,2023,162
Union,NHAA,2010,2923
Union,NHAA,2011,1516
Union,NHAA,2012,1520
Union,NHAA,2013,1606
Union,NHAA,2014,1807
Union,NHAA,2015,2008
Union,NHAA,2016,2204
Union,NHAA,2017,2394
Union,NHAA,2018,2688
Union,NHAA,2019,2976
Union,NHAA,2020,6606
Union,NHAA,2021,3637
Union,NHAA,2022,3996
Union,NHAA,2023,4626
Union,NHBA,2010,2443
Union,NHBA,2011,1295
Union,NHBA,2012,1174
Union,NHBA,2013,1240
Union,NHBA,2014,1269
Union,NHBA,2015,1297
Union,NHBA,2016,1395
Union,NHBA,2017,1421
Union,NHBA,2018,1440
Union,NHBA,2019,1480
Union,NHBA,2020,3246
Union,NHBA,2021,1794
Union,NHBA,2022,1779
Union,NHBA,2023,2010
Union,NHIA,2010,221
Union,NHIA,2011,109
Union,NHIA,2012,107
Union,NHIA,2013,104
Union,NHIA,2014,98
Union,NHIA,2015,98
Union,NHIA,2016,105
Union,NHIA,2017,104
Union,NHIA,2018,116
Union,NHIA,2019,122
Union,NHIA,2020,219
Union,NHIA,2021,117
Union,NHIA,2022,123
Union,NHIA,2023,120
Union,NHNA,2010,31
Union,NHNA,2011,16
Union,NHNA,2012,16
Union,NHNA,2013,15
Union,NHNA,2014,15
Union,NHNA,2015,15
Union,NHNA,2016,13
Union,NHNA,2017,14
Union,NHNA,2018,20
Union,NHNA,2019,16
Union,NHNA,2020,27
Union,NHNA,2021,13
Union,NHNA,2022,12
Union,NHNA,2023,17
Union,NHTOM,2010,1287
Union,NHTOM,2011,661
Union,NHTOM,2012,686
Union,NHTOM,2013,730
Union,NHTOM,2014,721
Union,NHTOM,2015,724
Union,NHTOM,2016,761
Union,NHTOM,2017,830
Union,NHTOM,2018,889
Union,NHTOM,2019,922
Union,NHTOM,2020,1993
Union,NHTOM,2021,1065
Union,NHTOM,2022,1151
Union,NHTOM,2023,1244
Union,NHWA,2010,96616
Union,NHWA,2011,48812
Union,NHWA,2012,48561
Union,NHWA,2013,48976
Union,NHWA,2014,49047
Union,NHWA,2015,49365
Union,NHWA,2016,50240
Union,NHWA,2017,51138
Union,NHWA,2018,51632
Union,NHWA,2019,52348
Union,NHWA,2020,108173
Union,NHWA,2021,56641
Union,NHWA,2022,57645
Union,NHWA,2023,59061
Union,TOM,2010,1343
Union,TOM,2011,689
Union,TOM,2012,723
Union,TOM,2013,771
Union,TOM,2014,769
Union,TOM,2015,772
Union,TOM,2016,815
Union,TOM,2017,893
Union,TOM,2018,961
Union,TOM,2019,1008
Union,TOM,2020,2173
Union,TOM,2021,1154
Union,TOM,2022,1256
Union,TOM,2023,1352
Union,TOT,2010,104852
Union,TOT,2011,53101
Union,TOT,2012,52798
Union,TOT,2013,53440
Union,TOT,2014,53782
Union,TOT,2015,54394
Union,TOT,2016,55601
Union,TOT,2017,56842
Union,TOT,2018,57836
Union,TOT,2019,59054
Union,TOT,2020,123106
Union,TOT,2021,65106
Union,TOT,2022,66876
Union,TOT,2023,69637
Union,WA,2010,97772
Union,WA,2011,49413
Union,WA,2012,49184
Union,WA,2013,49626
Union,WA,2014,49745
Union,WA,2015,50112
Union,WA,2016,50972
Union,WA,2017,51916
Union,WA,2018,52510
Union,WA,2019,53355
Union,WA,2020,110642
Union,WA,2021,58273
Union,WA,2022,59556
Union,WA,2023,61335
