COUNTY,YEAR,RACE,POP,POP_PROP
15County,2010,Hispanic or Latio (any race),142849.0,0.032663996820697296
15County,2011,Hispanic or Latio (any race),73501.0,0.03331038649039745
15County,2012,Hispanic or Latio (any race),75822.0,0.03405855203315029
15County,2013,Hispanic or Latio (any race),78700.0,0.03493252075644221
15County,2014,Hispanic or Latio (any race),81701.0,0.03582585253084406
15County,2015,Hispanic or Latio (any race),84854.0,0.036797689465558815
15County,2016,Hispanic or Latio (any race),88295.0,0.0378839398610958
15County,2017,Hispanic or Latio (any race),92440.0,0.03914108107123939
15County,2018,Hispanic or Latio (any race),96220.0,0.040364209170671135
15County,2019,Hispanic or Latio (any race),100187.0,0.04168386383834215
15County,2020,Hispanic or Latio (any race),220781.0,0.04562778739919896
15County,2021,Hispanic or Latio (any race),120374.0,0.04961069448542928
15County,2022,Hispanic or Latio (any race),125076.0,0.05123392590668885
15County,2023,Hispanic or Latio (any race),130449.0,0.05303199384344445
Delaware,2010,Hispanic or Latio (any race),7436.0,0.021223641698348002
Delaware,2011,Hispanic or Latio (any race),3892.0,0.021793665725932894
Delaware,2012,Hispanic or Latio (any race),4131.0,0.022793736274650454
Delaware,2013,Hispanic or Latio (any race),4330.0,0.023336656875690535
Delaware,2014,Hispanic or Latio (any race),4531.0,0.023891504832611824
Delaware,2015,Hispanic or Latio (any race),4679.0,0.024165392719910753
Delaware,2016,Hispanic or Latio (any race),5019.0,0.02542012337800468
Delaware,2017,Hispanic or Latio (any race),5181.0,0.025756001531142343
Delaware,2018,Hispanic or Latio (any race),5554.0,0.027046901099115155
Delaware,2019,Hispanic or Latio (any race),5847.0,0.02787365089050761
Delaware,2020,Hispanic or Latio (any race),13168.0,0.030714685575667103
Delaware,2021,Hispanic or Latio (any race),7327.0,0.033111595159118226
Delaware,2022,Hispanic or Latio (any race),7823.0,0.03453466710223109
Delaware,2023,Hispanic or Latio (any race),8113.0,0.03502478025868173
Fairfield,2010,Hispanic or Latio (any race),5097.0,0.017410224792406042
Fairfield,2011,Hispanic or Latio (any race),2630.0,0.01786927571680935
Fairfield,2012,Hispanic or Latio (any race),2723.0,0.018484325997529086
Fairfield,2013,Hispanic or Latio (any race),2828.0,0.019002822201317028
Fairfield,2014,Hispanic or Latio (any race),3017.0,0.020059840425531914
Fairfield,2015,Hispanic or Latio (any race),3094.0,0.020448086709404532
Fairfield,2016,Hispanic or Latio (any race),3257.0,0.02131140032323708
Fairfield,2017,Hispanic or Latio (any race),3407.0,0.022020708644113807
Fairfield,2018,Hispanic or Latio (any race),3600.0,0.02306775512296395
Fairfield,2019,Hispanic or Latio (any race),3782.0,0.023981788551898187
Fairfield,2020,Hispanic or Latio (any race),8148.0,0.02552975494819164
Fairfield,2021,Hispanic or Latio (any race),4307.0,0.026716870646179804
Fairfield,2022,Hispanic or Latio (any race),4488.0,0.027541176759370626
Fairfield,2023,Hispanic or Latio (any race),4741.0,0.028670778906627965
Fayette,2010,Hispanic or Latio (any race),1045.0,0.017998932120773695
Fayette,2011,Hispanic or Latio (any race),510.0,0.01766539660547281
Fayette,2012,Hispanic or Latio (any race),492.0,0.017101147028154327
Fayette,2013,Hispanic or Latio (any race),505.0,0.01760195189961659
Fayette,2014,Hispanic or Latio (any race),560.0,0.01954488342873098
Fayette,2015,Hispanic or Latio (any race),579.0,0.020232728797567878
Fayette,2016,Hispanic or Latio (any race),581.0,0.020247429865830283
Fayette,2017,Hispanic or Latio (any race),600.0,0.02092852907321497
Fayette,2018,Hispanic or Latio (any race),623.0,0.021772558887257987
Fayette,2019,Hispanic or Latio (any race),645.0,0.022642701678017272
Fayette,2020,Hispanic or Latio (any race),1354.0,0.023525732355700733
Fayette,2021,Hispanic or Latio (any race),715.0,0.02471141217944287
Fayette,2022,Hispanic or Latio (any race),727.0,0.02521503884572697
Fayette,2023,Hispanic or Latio (any race),726.0,0.025193462192455843
Franklin,2010,Hispanic or Latio (any race),112111.0,0.04807267223100062
Franklin,2011,Hispanic or Latio (any race),57409.0,0.04861391613466484
Franklin,2012,Hispanic or Latio (any race),59127.0,0.04930302679075461
Franklin,2013,Hispanic or Latio (any race),61253.0,0.050240898435513534
Franklin,2014,Hispanic or Latio (any race),63367.0,0.05115365551625096
Franklin,2015,Hispanic or Latio (any race),65844.0,0.05234475801162422
Franklin,2016,Hispanic or Latio (any race),68464.0,0.05368832790155676
Franklin,2017,Hispanic or Latio (any race),71704.0,0.05531119877442775
Franklin,2018,Hispanic or Latio (any race),74276.0,0.0567599394466907
Franklin,2019,Hispanic or Latio (any race),76883.0,0.05829919788650906
Franklin,2020,Hispanic or Latio (any race),170423.0,0.06433326475567795
Franklin,2021,Hispanic or Latio (any race),93200.0,0.07074830758206273
Franklin,2022,Hispanic or Latio (any race),96154.0,0.07274859464489722
Franklin,2023,Hispanic or Latio (any race),99891.0,0.07532900020587258
Hocking,2010,Hispanic or Latio (any race),402.0,0.006830113665324431
Hocking,2011,Hispanic or Latio (any race),222.0,0.007532828882630382
Hocking,2012,Hispanic or Latio (any race),229.0,0.007813033094506995
Hocking,2013,Hispanic or Latio (any race),246.0,0.008583391486392184
Hocking,2014,Hispanic or Latio (any race),248.0,0.008626387004765384
Hocking,2015,Hispanic or Latio (any race),252.0,0.008841484808083644
Hocking,2016,Hispanic or Latio (any race),255.0,0.008977924867091504
Hocking,2017,Hispanic or Latio (any race),268.0,0.009423347398030942
Hocking,2018,Hispanic or Latio (any race),290.0,0.010228194547314218
Hocking,2019,Hispanic or Latio (any race),310.0,0.010977337110481586
Hocking,2020,Hispanic or Latio (any race),545.0,0.009708737864077669
Hocking,2021,Hispanic or Latio (any race),269.0,0.00957261307426782
Hocking,2022,Hispanic or Latio (any race),274.0,0.009849737579984183
Hocking,2023,Hispanic or Latio (any race),275.0,0.009985475671750182
Knox,2010,Hispanic or Latio (any race),1501.0,0.012295719844357976
Knox,2011,Hispanic or Latio (any race),808.0,0.013183227280143579
Knox,2012,Hispanic or Latio (any race),822.0,0.013523963080567941
Knox,2013,Hispanic or Latio (any race),841.0,0.013813606648927433
Knox,2014,Hispanic or Latio (any race),853.0,0.013975587777504711
Knox,2015,Hispanic or Latio (any race),894.0,0.014644934065033992
Knox,2016,Hispanic or Latio (any race),905.0,0.014847505455022723
Knox,2017,Hispanic or Latio (any race),930.0,0.015160159752221045
Knox,2018,Hispanic or Latio (any race),961.0,0.015519775197428982
Knox,2019,Hispanic or Latio (any race),1012.0,0.01625990134802937
Knox,2020,Hispanic or Latio (any race),2265.0,0.018087298164917828
Knox,2021,Hispanic or Latio (any race),1221.0,0.01952256847289065
Knox,2022,Hispanic or Latio (any race),1297.0,0.020523450851319704
Knox,2023,Hispanic or Latio (any race),1330.0,0.02100442198357549
Licking,2010,Hispanic or Latio (any race),4700.0,0.014096081289401546
Licking,2011,Hispanic or Latio (any race),2507.0,0.014994467537904841
Licking,2012,Hispanic or Latio (any race),2578.0,0.01537855830489871
Licking,2013,Hispanic or Latio (any race),2705.0,0.01605036432250255
Licking,2014,Hispanic or Latio (any race),2832.0,0.016707373190329545
Licking,2015,Hispanic or Latio (any race),3006.0,0.017607675681374876
Licking,2016,Hispanic or Latio (any race),3184.0,0.018493779259551826
Licking,2017,Hispanic or Latio (any race),3441.0,0.01979975832901778
Licking,2018,Hispanic or Latio (any race),3575.0,0.02033375801974792
Licking,2019,Hispanic or Latio (any race),3768.0,0.021267228825899962
Licking,2020,Hispanic or Latio (any race),8018.0,0.02246668385245626
Licking,2021,Hispanic or Latio (any race),4204.0,0.02335283105859872
Licking,2022,Hispanic or Latio (any race),4403.0,0.02422358539872913
Licking,2023,Hispanic or Latio (any race),4619.0,0.025212744471918822
Logan,2010,Hispanic or Latio (any race),1100.0,0.012015554681697033
Logan,2011,Hispanic or Latio (any race),573.0,0.012558904109589042
Logan,2012,Hispanic or Latio (any race),578.0,0.012727913326873954
Logan,2013,Hispanic or Latio (any race),608.0,0.013392365470605079
Logan,2014,Hispanic or Latio (any race),639.0,0.01405105877696418
Logan,2015,Hispanic or Latio (any race),655.0,0.014473538835487791
Logan,2016,Hispanic or Latio (any race),674.0,0.014929671059918041
Logan,2017,Hispanic or Latio (any race),688.0,0.015215516288121725
Logan,2018,Hispanic or Latio (any race),718.0,0.015853039235168134
Logan,2019,Hispanic or Latio (any race),939.0,0.020594815107250954
Logan,2020,Hispanic or Latio (any race),1902.0,0.02080006998972026
Logan,2021,Hispanic or Latio (any race),1048.0,0.022704623250574114
Logan,2022,Hispanic or Latio (any race),1061.0,0.023034171334288568
Logan,2023,Hispanic or Latio (any race),1086.0,0.02357947760383872
Madison,2010,Hispanic or Latio (any race),1249.0,0.014376151012891344
Madison,2011,Hispanic or Latio (any race),638.0,0.01479591836734694
Madison,2012,Hispanic or Latio (any race),644.0,0.014978137501162898
Madison,2013,Hispanic or Latio (any race),759.0,0.017543859649122806
Madison,2014,Hispanic or Latio (any race),803.0,0.0182549786305356
Madison,2015,Hispanic or Latio (any race),814.0,0.018437563704727173
Madison,2016,Hispanic or Latio (any race),860.0,0.019815668202764977
Madison,2017,Hispanic or Latio (any race),918.0,0.02082718878326565
Madison,2018,Hispanic or Latio (any race),962.0,0.021670083121212803
Madison,2019,Hispanic or Latio (any race),1069.0,0.023855217352494868
Madison,2020,Hispanic or Latio (any race),2387.0,0.026999819020903086
Madison,2021,Hispanic or Latio (any race),1295.0,0.0291482848654002
Madison,2022,Hispanic or Latio (any race),1361.0,0.031229205387668938
Madison,2023,Hispanic or Latio (any race),1480.0,0.033182368503654545
Marion,2010,Hispanic or Latio (any race),3028.0,0.02277702138542662
Marion,2011,Hispanic or Latio (any race),1509.0,0.02265289578767226
Marion,2012,Hispanic or Latio (any race),1552.0,0.023408395046831874
Marion,2013,Hispanic or Latio (any race),1525.0,0.023107461058245956
Marion,2014,Hispanic or Latio (any race),1624.0,0.02467260186563763
Marion,2015,Hispanic or Latio (any race),1671.0,0.025523140369634947
Marion,2016,Hispanic or Latio (any race),1700.0,0.02596172935660726
Marion,2017,Hispanic or Latio (any race),1732.0,0.02659991092408582
Marion,2018,Hispanic or Latio (any race),1867.0,0.02853605600220096
Marion,2019,Hispanic or Latio (any race),1900.0,0.029205158553268672
Marion,2020,Hispanic or Latio (any race),3936.0,0.030228557385106904
Marion,2021,Hispanic or Latio (any race),2015.0,0.030852855611698055
Marion,2022,Hispanic or Latio (any race),2077.0,0.032147224070949866
Marion,2023,Hispanic or Latio (any race),2165.0,0.03338421921018951
Morrow,2010,Hispanic or Latio (any race),750.0,0.010778494747280227
Morrow,2011,Hispanic or Latio (any race),418.0,0.0120070088759946
Morrow,2012,Hispanic or Latio (any race),463.0,0.013289704067280922
Morrow,2013,Hispanic or Latio (any race),492.0,0.014117241972970646
Morrow,2014,Hispanic or Latio (any race),488.0,0.013966400503706247
Morrow,2015,Hispanic or Latio (any race),514.0,0.014705040910911484
Morrow,2016,Hispanic or Latio (any race),492.0,0.014086120018323408
Morrow,2017,Hispanic or Latio (any race),510.0,0.014601465872652312
Morrow,2018,Hispanic or Latio (any race),555.0,0.01579711382460934
Morrow,2019,Hispanic or Latio (any race),564.0,0.015958349838718806
Morrow,2020,Hispanic or Latio (any race),1174.0,0.01667826852864713
Morrow,2021,Hispanic or Latio (any race),629.0,0.017866780286891065
Morrow,2022,Hispanic or Latio (any race),682.0,0.019300430156214625
Morrow,2023,Hispanic or Latio (any race),718.0,0.020171372383761765
Perry,2010,Hispanic or Latio (any race),388.0,0.005381787918718357
Perry,2011,Hispanic or Latio (any race),224.0,0.006182892158215794
Perry,2012,Hispanic or Latio (any race),234.0,0.006503070894589112
Perry,2013,Hispanic or Latio (any race),246.0,0.006833333333333334
Perry,2014,Hispanic or Latio (any race),276.0,0.0076824583866837385
Perry,2015,Hispanic or Latio (any race),288.0,0.008006672226855712
Perry,2016,Hispanic or Latio (any race),301.0,0.008357628765792031
Perry,2017,Hispanic or Latio (any race),323.0,0.008978457261987491
Perry,2018,Hispanic or Latio (any race),314.0,0.008711091383232537
Perry,2019,Hispanic or Latio (any race),322.0,0.008913001356326293
Perry,2020,Hispanic or Latio (any race),590.0,0.008233209137466684
Perry,2021,Hispanic or Latio (any race),291.0,0.008205504173246109
Perry,2022,Hispanic or Latio (any race),311.0,0.008767725747793973
Perry,2023,Hispanic or Latio (any race),348.0,0.009788754184129842
Pickaway,2010,Hispanic or Latio (any race),1196.0,0.010722610722610723
Pickaway,2011,Hispanic or Latio (any race),644.0,0.011511099989275372
Pickaway,2012,Hispanic or Latio (any race),666.0,0.01184315817551347
Pickaway,2013,Hispanic or Latio (any race),744.0,0.013202725724020443
Pickaway,2014,Hispanic or Latio (any race),753.0,0.013279720649701074
Pickaway,2015,Hispanic or Latio (any race),788.0,0.01382674457370462
Pickaway,2016,Hispanic or Latio (any race),789.0,0.013718637525429034
Pickaway,2017,Hispanic or Latio (any race),822.0,0.01422908480326819
Pickaway,2018,Hispanic or Latio (any race),853.0,0.014681836176182034
Pickaway,2019,Hispanic or Latio (any race),892.0,0.015242391620102186
Pickaway,2020,Hispanic or Latio (any race),1894.0,0.01614470566172835
Pickaway,2021,Hispanic or Latio (any race),989.0,0.016829745596868884
Pickaway,2022,Hispanic or Latio (any race),1149.0,0.019147766093955704
Pickaway,2023,Hispanic or Latio (any race),1268.0,0.02075762040402056
Ross,2010,Hispanic or Latio (any race),1515.0,0.00969960049170252
Ross,2011,Hispanic or Latio (any race),825.0,0.010632265381343918
Ross,2012,Hispanic or Latio (any race),849.0,0.010974805775669283
Ross,2013,Hispanic or Latio (any race),849.0,0.010983324493201723
Ross,2014,Hispanic or Latio (any race),885.0,0.011476217646143472
Ross,2015,Hispanic or Latio (any race),889.0,0.011535417234354523
Ross,2016,Hispanic or Latio (any race),931.0,0.012108521485797524
Ross,2017,Hispanic or Latio (any race),975.0,0.012613358516927775
Ross,2018,Hispanic or Latio (any race),1021.0,0.013284065626667013
Ross,2019,Hispanic or Latio (any race),1064.0,0.013887982457285317
Ross,2020,Hispanic or Latio (any race),2135.0,0.013911604297936392
Ross,2021,Hispanic or Latio (any race),1025.0,0.013398692810457516
Ross,2022,Hispanic or Latio (any race),1099.0,0.01436451090082083
Ross,2023,Hispanic or Latio (any race),1130.0,0.014771048744460856
Union,2010,Hispanic or Latio (any race),1331.0,0.012694083088543853
Union,2011,Hispanic or Latio (any race),692.0,0.013031769646522664
Union,2012,Hispanic or Latio (any race),734.0,0.013902041744005455
Union,2013,Hispanic or Latio (any race),769.0,0.01438997005988024
Union,2014,Hispanic or Latio (any race),825.0,0.015339704733925848
Union,2015,Hispanic or Latio (any race),887.0,0.016306945619002096
Union,2016,Hispanic or Latio (any race),883.0,0.01588100933436449
Union,2017,Hispanic or Latio (any race),941.0,0.016554660286407938
Union,2018,Hispanic or Latio (any race),1051.0,0.018172072757452105
Union,2019,Hispanic or Latio (any race),1190.0,0.020151048193179123
Union,2020,Hispanic or Latio (any race),2842.0,0.02308579598069956
Union,2021,Hispanic or Latio (any race),1839.0,0.028246244585752464
Union,2022,Hispanic or Latio (any race),2170.0,0.0324481129254142
Union,2023,Hispanic or Latio (any race),2559.0,0.036747705960911585
15County,2010,Asian,119338.0,0.027287947781142144
15County,2011,Asian,62906.0,0.02850877093597287
15County,2012,Asian,66074.0,0.029679839189659624
15County,2013,Asian,70872.0,0.031457911195051744
15County,2014,Asian,76315.0,0.03346409390204972
15County,2015,Asian,82536.0,0.03579246821280508
15County,2016,Asian,88774.0,0.03808946007394437
15County,2017,Asian,95290.0,0.04034783227259197
15County,2018,Asian,100560.0,0.04218483552486686
15County,2019,Asian,105944.0,0.04407912474162636
15County,2020,Asian,218893.0,0.045237603177686755
15County,2021,Asian,112276.0,0.04627320130631247
15County,2022,Asian,116726.0,0.04781357922690334
15County,2023,Asian,120877.0,0.049140647454668375
Delaware,2010,Asian,15254.0,0.043537578061673
Delaware,2011,Asian,8233.0,0.04610155445056668
Delaware,2012,Asian,8621.0,0.04756833706699626
Delaware,2013,Asian,9387.0,0.05059150071411248
Delaware,2014,Asian,10268.0,0.05414212571645514
Delaware,2015,Asian,11292.0,0.058319216626038096
Delaware,2016,Asian,12434.0,0.06297545608330547
Delaware,2017,Asian,13614.0,0.06767847999323912
Delaware,2018,Asian,14848.0,0.07230687567872918
Delaware,2019,Asian,16339.0,0.07789081270737196
Delaware,2020,Asian,34997.0,0.0816313677924986
Delaware,2021,Asian,18654.0,0.08429967191185908
Delaware,2022,Asian,20240.0,0.08934956693712863
Delaware,2023,Asian,22003.0,0.09498955257386589
Fairfield,2010,Asian,3295.0,0.01125499130684283
Fairfield,2011,Asian,1719.0,0.011679576029351815
Fairfield,2012,Asian,1760.0,0.011947269098660005
Fairfield,2013,Asian,1861.0,0.012505039645208977
Fairfield,2014,Asian,1908.0,0.012686170212765958
Fairfield,2015,Asian,1989.0,0.013145198598902915
Fairfield,2016,Asian,2204.0,0.014421346733931388
Fairfield,2017,Asian,2460.0,0.01589989529337246
Fairfield,2018,Asian,2757.0,0.01766605579833656
Fairfield,2019,Asian,3041.0,0.019283082756827708
Fairfield,2020,Asian,6828.0,0.0213938594484846
Fairfield,2021,Asian,3819.0,0.023689744369110907
Fairfield,2022,Asian,4665.0,0.028627359532634577
Fairfield,2023,Asian,5297.0,0.032033139816158684
Fayette,2010,Asian,313.0,0.0053910677069877195
Fayette,2011,Asian,166.0,0.005749913404918601
Fayette,2012,Asian,175.0,0.006082725060827251
Fayette,2013,Asian,183.0,0.0063785291042174974
Fayette,2014,Asian,207.0,0.007224626553120201
Fayette,2015,Asian,221.0,0.007722682321696894
Fayette,2016,Asian,242.0,0.00843352500435616
Fayette,2017,Asian,255.0,0.008894624856116362
Fayette,2018,Asian,265.0,0.00926120081079192
Fayette,2019,Asian,283.0,0.00993470476725409
Fayette,2020,Asian,597.0,0.010372867220349585
Fayette,2021,Asian,316.0,0.010921407340844682
Fayette,2022,Asian,345.0,0.011965871254162042
Fayette,2023,Asian,363.0,0.012596731096227921
Franklin,2010,Asian,91285.0,0.039142580876157476
Franklin,2011,Asian,47969.0,0.04062012825626187
Franklin,2012,Asian,50549.0,0.04215026470556353
Franklin,2013,Asian,54137.0,0.04440421724002736
Franklin,2014,Asian,58257.0,0.047028556021434374
Franklin,2015,Asian,62910.0,0.050012282463265896
Franklin,2016,Asian,67180.0,0.05268143649840183
Franklin,2017,Asian,71469.0,0.05512992392627436
Franklin,2018,Asian,74031.0,0.0565727163172217
Franklin,2019,Asian,76501.0,0.058009533154479265
Franklin,2020,Asian,154470.0,0.05831113996825295
Franklin,2021,Asian,77105.0,0.058530560687928605
Franklin,2022,Asian,77516.0,0.058647378814129965
Franklin,2023,Asian,77541.0,0.05847459736075888
Hocking,2010,Asian,114.0,0.0019368979050920026
Hocking,2011,Asian,55.0,0.0018662413898408606
Hocking,2012,Asian,60.0,0.0020470829068577278
Hocking,2013,Asian,62.0,0.0021632937892533148
Hocking,2014,Asian,66.0,0.002295732025461755
Hocking,2015,Asian,72.0,0.0025261385165953267
Hocking,2016,Asian,91.0,0.003203886913354223
Hocking,2017,Asian,102.0,0.003586497890295359
Hocking,2018,Asian,105.0,0.0037033118188551477
Hocking,2019,Asian,113.0,0.004001416430594901
Hocking,2020,Asian,261.0,0.004649505656007838
Hocking,2021,Asian,132.0,0.004697341731610975
Hocking,2022,Asian,125.0,0.004493493421525631
Hocking,2023,Asian,127.0,0.004611474219317357
Knox,2010,Asian,707.0,0.0057915216055703465
Knox,2011,Asian,399.0,0.0065100342633382284
Knox,2012,Asian,390.0,0.006416478833846103
Knox,2013,Asian,407.0,0.006685062908577248
Knox,2014,Asian,380.0,0.0062259359383960025
Knox,2015,Asian,373.0,0.00611024653943812
Knox,2016,Asian,368.0,0.006037438682263383
Knox,2017,Asian,404.0,0.006585703806341185
Knox,2018,Asian,398.0,0.006427544774793689
Knox,2019,Asian,387.0,0.006217966226963801
Knox,2020,Asian,762.0,0.006084998323031958
Knox,2021,Asian,371.0,0.005931918839838192
Knox,2022,Asian,363.0,0.005744034432559023
Knox,2023,Asian,391.0,0.006174984207201516
Licking,2010,Asian,2511.0,0.007530906408018571
Licking,2011,Asian,1256.0,0.007512186369209605
Licking,2012,Asian,1339.0,0.007987544441528072
Licking,2013,Asian,1421.0,0.00843163316165476
Licking,2014,Asian,1509.0,0.008902339740186189
Licking,2015,Asian,1661.0,0.00972932445334786
Licking,2016,Asian,1980.0,0.011500528559645923
Licking,2017,Asian,2459.0,0.014149260601875827
Licking,2018,Asian,3258.0,0.018530736679255585
Licking,2019,Asian,4084.0,0.023050786232742954
Licking,2020,Asian,9742.0,0.02729738514475292
Licking,2021,Asian,5866.0,0.032585087295371094
Licking,2022,Asian,7036.0,0.03870932247682447
Licking,2023,Asian,7988.0,0.04360238208306723
Logan,2010,Asian,474.0,0.00517761174465854
Logan,2011,Asian,268.0,0.005873972602739726
Logan,2012,Asian,272.0,0.005989606271470096
Logan,2013,Asian,303.0,0.006674155818410097
Logan,2014,Asian,329.0,0.00723442619346043
Logan,2015,Asian,310.0,0.006850071815269031
Logan,2016,Asian,319.0,0.007066120279100675
Logan,2017,Asian,344.0,0.007607758144060862
Logan,2018,Asian,351.0,0.007749884082930383
Logan,2019,Asian,345.0,0.007566785103303066
Logan,2020,Asian,791.0,0.008650291988364209
Logan,2021,Asian,408.0,0.008839204471597556
Logan,2022,Asian,410.0,0.008901046415700577
Logan,2023,Asian,436.0,0.009466530603382765
Madison,2010,Asian,474.0,0.005455801104972376
Madison,2011,Asian,289.0,0.006702226345083488
Madison,2012,Asian,323.0,0.007512326728067727
Madison,2013,Asian,363.0,0.008390541571319604
Madison,2014,Asian,441.0,0.010025461489497135
Madison,2015,Asian,506.0,0.011461188248884459
Madison,2016,Asian,554.0,0.012764976958525345
Madison,2017,Asian,581.0,0.013181477868275972
Madison,2018,Asian,608.0,0.01369585294978938
Madison,2019,Asian,606.0,0.013523163438364724
Madison,2020,Asian,1271.0,0.014376527011130215
Madison,2021,Asian,664.0,0.014945529846043037
Madison,2022,Asian,659.0,0.01512126844266997
Madison,2023,Asian,702.0,0.015739204519976683
Marion,2010,Asian,659.0,0.0049570862262206545
Marion,2011,Asian,358.0,0.005374245654066713
Marion,2012,Asian,353.0,0.0053242032548528676
Marion,2013,Asian,378.0,0.0057276198557488335
Marion,2014,Asian,357.0,0.005423718513566892
Marion,2015,Asian,366.0,0.00559034672369024
Marion,2016,Asian,371.0,0.005665765641941938
Marion,2017,Asian,363.0,0.005574923594366716
Marion,2018,Asian,362.0,0.0055329685446152905
Marion,2019,Asian,355.0,0.005456753308637041
Marion,2020,Asian,720.0,0.0055296141558122385
Marion,2021,Asian,373.0,0.005711223396110856
Marion,2022,Asian,372.0,0.0057577117739014685
Marion,2023,Asian,367.0,0.0056591263049143425
Morrow,2010,Asian,184.0,0.0026443240446660824
Morrow,2011,Asian,91.0,0.0026139660471662884
Morrow,2012,Asian,105.0,0.0030138637733574444
Morrow,2013,Asian,123.0,0.0035293104932426615
Morrow,2014,Asian,130.0,0.0037205575112332218
Morrow,2015,Asian,123.0,0.003518910568175316
Morrow,2016,Asian,111.0,0.0031779661016949155
Morrow,2017,Asian,120.0,0.003435639028859368
Morrow,2018,Asian,124.0,0.003529445250903709
Morrow,2019,Asian,131.0,0.0037066379944541905
Morrow,2020,Asian,307.0,0.0043613530138796154
Morrow,2021,Asian,153.0,0.004345973583297827
Morrow,2022,Asian,165.0,0.004669458908761603
Morrow,2023,Asian,162.0,0.004551201011378002
Perry,2010,Asian,96.0,0.0013315763922602123
Perry,2011,Asian,39.0,0.0010764856882607855
Perry,2012,Asian,50.0,0.0013895450629463914
Perry,2013,Asian,50.0,0.001388888888888889
Perry,2014,Asian,51.0,0.0014195847018872126
Perry,2015,Asian,57.0,0.00158465387823186
Perry,2016,Asian,59.0,0.001638206302929335
Perry,2017,Asian,58.0,0.0016122307157748436
Perry,2018,Asian,60.0,0.0016645397547578095
Perry,2019,Asian,70.0,0.001937608990505716
Perry,2020,Asian,140.0,0.001953642846178535
Perry,2021,Asian,76.0,0.00214301827205053
Perry,2022,Asian,79.0,0.0022271714922048997
Perry,2023,Asian,84.0,0.002362802734100307
Pickaway,2010,Asian,433.0,0.0038820154204769588
Pickaway,2011,Asian,221.0,0.003950237729238909
Pickaway,2012,Asian,228.0,0.004054414510536143
Pickaway,2013,Asian,225.0,0.003992759795570698
Pickaway,2014,Asian,231.0,0.004073858526003915
Pickaway,2015,Asian,250.0,0.004386657542418978
Pickaway,2016,Asian,259.0,0.004503329681984943
Pickaway,2017,Asian,275.0,0.004760338589901158
Pickaway,2018,Asian,288.0,0.004957056059484673
Pickaway,2019,Asian,303.0,0.005177628543599733
Pickaway,2020,Asian,634.0,0.005404299572088583
Pickaway,2021,Asian,323.0,0.0054964689866417085
Pickaway,2022,Asian,366.0,0.006099288416351426
Pickaway,2023,Asian,371.0,0.006073404708116426
Ross,2010,Asian,616.0,0.003943863962302807
Ross,2011,Asian,327.0,0.00421424336933268
Ross,2012,Asian,329.0,0.004252898822373609
Ross,2013,Asian,366.0,0.004734860735585195
Ross,2014,Asian,374.0,0.004849836609782665
Ross,2015,Asian,398.0,0.005164337524491676
Ross,2016,Asian,398.0,0.00517636042035168
Ross,2017,Asian,392.0,0.0050712169627032695
Ross,2018,Asian,417.0,0.005425519457708271
Ross,2019,Asian,410.0,0.005351572187487763
Ross,2020,Asian,767.0,0.004997751989001036
Ross,2021,Asian,379.0,0.004954248366013072
Ross,2022,Asian,389.0,0.005084435614576254
Ross,2023,Asian,419.0,0.005477052587547875
Union,2010,Asian,2923.0,0.02787738908175333
Union,2011,Asian,1516.0,0.02854936818515659
Union,2012,Asian,1520.0,0.028788969279139362
Union,2013,Asian,1606.0,0.030052395209580838
Union,2014,Asian,1807.0,0.03359860176267153
Union,2015,Asian,2008.0,0.03691583630547487
Union,2016,Asian,2204.0,0.03963957482779087
Union,2017,Asian,2394.0,0.04211674466063826
Union,2018,Asian,2688.0,0.04647624317034373
Union,2019,Asian,2976.0,0.05039455413689166
Union,2020,Asian,6606.0,0.053661072571604955
Union,2021,Asian,3637.0,0.05586274690504715
Union,2022,Asian,3996.0,0.05975237753454154
Union,2023,Asian,4626.0,0.0664302023349656
15County,2010,Black or African American,567044.0,0.12966085456107834
15County,2011,Black or African American,289506.0,0.13120306868326967
15County,2012,Black or African American,296204.0,0.13305213983312558
15County,2013,Black or African American,303801.0,0.13484796363821983
15County,2014,Black or African American,312242.0,0.13691797953434856
15County,2015,Black or African American,320327.0,0.13891264375791426
15County,2016,Black or African American,328612.0,0.14099458911189094
15County,2017,Black or African American,338343.0,0.14326169183131057
15County,2018,Black or African American,346098.0,0.14518782026138993
15County,2019,Black or African American,352929.0,0.14683985328038823
15County,2020,Black or African American,714318.0,0.14762479488461872
15County,2021,Black or African American,362666.0,0.1494684244625309
15County,2022,Black or African American,370334.0,0.15169708590559106
15County,2023,Black or African American,379148.0,0.15413666951647215
Delaware,2010,Black or African American,11728.0,0.033473758719503144
Delaware,2011,Black or African American,6001.0,0.03360323433230301
Delaware,2012,Black or African American,6048.0,0.033371221735435955
Delaware,2013,Black or African American,6186.0,0.03333962111617128
Delaware,2014,Black or African American,6297.0,0.03320344425754947
Delaware,2015,Black or African American,6472.0,0.03342560839565343
Delaware,2016,Black or African American,6791.0,0.03439491091054588
Delaware,2017,Black or African American,7199.0,0.03578796661314297
Delaware,2018,Black or African American,7561.0,0.03682060122621709
Delaware,2019,Black or African American,7983.0,0.038056328896685865
Delaware,2020,Black or African American,16966.0,0.03957361448031349
Delaware,2021,Black or African American,9235.0,0.041734076879276216
Delaware,2022,Black or African American,10132.0,0.04472775752010807
Delaware,2023,Black or African American,10819.0,0.04670690220863769
Fairfield,2010,Black or African American,17449.0,0.05960192513295919
Fairfield,2011,Black or African American,9089.0,0.0617543144448974
Fairfield,2012,Black or African American,9402.0,0.06382285458272804
Fairfield,2013,Black or African American,10049.0,0.06752452627335036
Fairfield,2014,Black or African American,10569.0,0.07027260638297872
Fairfield,2015,Black or African American,10810.0,0.07144273346110634
Fairfield,2016,Black or African American,11416.0,0.07469786493401122
Fairfield,2017,Black or African American,12124.0,0.0783619229824584
Fairfield,2018,Black or African American,12542.0,0.08036549576450384
Fairfield,2019,Black or African American,13357.0,0.08469718394703969
Fairfield,2020,Black or African American,28702.0,0.08993066108529658
Fairfield,2021,Black or African American,15290.0,0.09484582126308085
Fairfield,2022,Black or African American,16285.0,0.09993495176612091
Fairfield,2023,Black or African American,17399.0,0.10521891630382196
Fayette,2010,Black or African American,1140.0,0.019635198677207668
Fayette,2011,Black or African American,573.0,0.019847592656737096
Fayette,2012,Black or African American,571.0,0.019847062912756345
Fayette,2013,Black or African American,591.0,0.020599512025095853
Fayette,2014,Black or African American,587.0,0.020487226022616222
Fayette,2015,Black or African American,581.0,0.02030261732536604
Fayette,2016,Black or African American,594.0,0.020700470465237847
Fayette,2017,Black or African American,607.0,0.021172695245735812
Fayette,2018,Black or African American,602.0,0.021038652407912212
Fayette,2019,Black or African American,600.0,0.021062978305132346
Fayette,2020,Black or African American,1315.0,0.022848107863919102
Fayette,2021,Black or African American,680.0,0.023501762632197415
Fayette,2022,Black or African American,663.0,0.022995283018867923
Fayette,2023,Black or African American,675.0,0.023423673526043656
Franklin,2010,Black or African American,492835.0,0.2113253420178679
Franklin,2011,Black or African American,251786.0,0.21321227486775107
Franklin,2012,Black or African American,257959.0,0.2150990154737475
Franklin,2013,Black or African American,264663.0,0.2170817250198083
Franklin,2014,Black or African American,272074.0,0.2196345048831168
Franklin,2015,Black or African American,279589.0,0.22226806615199568
Franklin,2016,Black or African American,286587.0,0.22473674965417514
Franklin,2017,Black or African American,294488.0,0.2271628403531697
Franklin,2018,Black or African American,301533.0,0.23042429346193907
Franklin,2019,Black or African American,306822.0,0.232658409452473
Franklin,2020,Black or African American,618666.0,0.23354126833429908
Franklin,2021,Black or African American,312250.0,0.23702960346029062
Franklin,2022,Black or African American,317985.0,0.24058241849696987
Franklin,2023,Black or African American,323701.0,0.24410680337208715
Hocking,2010,Black or African American,456.0,0.00774759162036801
Hocking,2011,Black or African American,234.0,0.007940008822232024
Hocking,2012,Black or African American,242.0,0.008256567724326168
Hocking,2013,Black or African American,162.0,0.005652477320307048
Hocking,2014,Black or African American,169.0,0.005878465337924798
Hocking,2015,Black or African American,172.0,0.0060346642340888355
Hocking,2016,Black or African American,178.0,0.006266943632714854
Hocking,2017,Black or African American,176.0,0.006188466947960619
Hocking,2018,Black or African American,180.0,0.0063485345466088245
Hocking,2019,Black or African American,187.0,0.006621813031161473
Hocking,2020,Black or African American,380.0,0.00676939520798076
Hocking,2021,Black or African American,208.0,0.007401871819508203
Hocking,2022,Black or African American,207.0,0.007441225106046445
Hocking,2023,Black or African American,213.0,0.007734204793028322
Knox,2010,Black or African American,991.0,0.00811796027032562
Knox,2011,Black or African American,518.0,0.008451623429596999
Knox,2012,Black or African American,504.0,0.00829206495450881
Knox,2013,Black or African American,514.0,0.008442561019677408
Knox,2014,Black or African American,527.0,0.008634390104038667
Knox,2015,Black or African American,541.0,0.00886231468588746
Knox,2016,Black or African American,564.0,0.009253031023903664
Knox,2017,Black or African American,555.0,0.009047192110196431
Knox,2018,Black or African American,584.0,0.009431372232360588
Knox,2019,Black or African American,602.0,0.009672391908610356
Knox,2020,Black or African American,1175.0,0.009383035471866865
Knox,2021,Black or African American,574.0,0.009177685752202484
Knox,2022,Black or African American,613.0,0.00969998101145642
Knox,2023,Black or African American,642.0,0.010138976626658244
Licking,2010,Black or African American,11419.0,0.03424747920078218
Licking,2011,Black or African American,5839.0,0.034923293160680643
Licking,2012,Black or African American,5967.0,0.03559497959865423
Licking,2013,Black or African American,6058.0,0.0359456957729096
Licking,2014,Black or African American,6135.0,0.03619340908286432
Licking,2015,Black or African American,6282.0,0.036796879118561866
Licking,2016,Black or African American,6499.0,0.03774845207532265
Licking,2017,Black or African American,6782.0,0.03902410955751194
Licking,2018,Black or African American,6939.0,0.03946739773399463
Licking,2019,Black or African American,7270.0,0.04103310869540677
Licking,2020,Black or African American,14870.0,0.041666199661514663
Licking,2021,Black or African American,7778.0,0.04320607040289744
Licking,2022,Black or African American,8113.0,0.0446345556075152
Licking,2023,Black or African American,8552.0,0.04668096789864684
Logan,2010,Black or African American,1464.0,0.01599161095818587
Logan,2011,Black or African American,706.0,0.015473972602739725
Logan,2012,Black or African American,733.0,0.01614110807716022
Logan,2013,Black or African American,777.0,0.017114914425427872
Logan,2014,Black or African American,793.0,0.017437385931349914
Logan,2015,Black or African American,785.0,0.017346149596729643
Logan,2016,Black or African American,782.0,0.017321962565068114
Logan,2017,Black or African American,804.0,0.017780923104142247
Logan,2018,Black or African American,798.0,0.017619394581704976
Logan,2019,Black or African American,800.0,0.01754616835548537
Logan,2020,Black or African American,1664.0,0.018197327267557576
Logan,2021,Black or African American,866.0,0.018761644785302657
Logan,2022,Black or African American,879.0,0.019082975120489773
Logan,2023,Black or African American,896.0,0.019454154634474672
Madison,2010,Black or African American,5678.0,0.06535451197053407
Madison,2011,Black or African American,2731.0,0.06333487940630798
Madison,2012,Black or African American,2736.0,0.06363382640245605
Madison,2013,Black or African American,2696.0,0.0623165291357511
Madison,2014,Black or African American,2844.0,0.06465399654451214
Madison,2015,Black or African American,2881.0,0.06525629119572357
Madison,2016,Black or African American,2603.0,0.059976958525345625
Madison,2017,Black or African American,2832.0,0.0642511967692901
Madison,2018,Black or African American,2762.0,0.06221701619624716
Madison,2019,Black or African American,2823.0,0.06299651878960992
Madison,2020,Black or African American,5518.0,0.06241516604832142
Madison,2021,Black or African American,3027.0,0.06813270910236788
Madison,2022,Black or African American,2593.0,0.05949840526835089
Madison,2023,Black or African American,2826.0,0.0633603874265728
Marion,2010,Black or African American,7534.0,0.05667175664392475
Marion,2011,Black or African American,3914.0,0.058756417569880204
Marion,2012,Black or African American,4012.0,0.060511907814361776
Marion,2013,Black or African American,4007.0,0.0607158009576338
Marion,2014,Black or African American,4078.0,0.06195496946309745
Marion,2015,Black or African American,4110.0,0.06277684435619367
Marion,2016,Black or African American,4204.0,0.06420182953833936
Marion,2017,Black or African American,4147.0,0.06368927863867431
Marion,2018,Black or African American,4141.0,0.06329288050622077
Marion,2019,Black or African American,4099.0,0.06300628679465699
Marion,2020,Black or African American,8160.0,0.06266896043253871
Marion,2021,Black or African American,4292.0,0.06571734803246057
Marion,2022,Black or African American,4080.0,0.06314909687504837
Marion,2023,Black or African American,4218.0,0.0650414025998057
Morrow,2010,Black or African American,269.0,0.0038658867826911747
Morrow,2011,Black or African American,150.0,0.004308735242581794
Morrow,2012,Black or African American,162.0,0.004649961250322914
Morrow,2013,Black or African American,176.0,0.005050070299274052
Morrow,2014,Black or African American,183.0,0.005237400188889843
Morrow,2015,Black or African American,204.0,0.005836241917949305
Morrow,2016,Black or African American,192.0,0.005497022446174988
Morrow,2017,Black or African American,220.0,0.006298671552908841
Morrow,2018,Black or African American,227.0,0.006461161870605983
Morrow,2019,Black or African American,243.0,0.006875672004979911
Morrow,2020,Black or African American,521.0,0.00740151439814749
Morrow,2021,Black or African American,266.0,0.007555744922596222
Morrow,2022,Black or African American,312.0,0.008829522300203759
Morrow,2023,Black or African American,320.0,0.008990026689141733
Perry,2010,Black or African American,207.0,0.0028712115958110826
Perry,2011,Black or African American,113.0,0.0031190482762427888
Perry,2012,Black or African American,126.0,0.0035016535586249063
Perry,2013,Black or African American,124.0,0.0034444444444444444
Perry,2014,Black or African American,132.0,0.003674219228413962
Perry,2015,Black or African American,133.0,0.0036975257158743395
Perry,2016,Black or African American,132.0,0.0036651395251978344
Perry,2017,Black or African American,148.0,0.004113968033356497
Perry,2018,Black or African American,170.0,0.004716195971813794
Perry,2019,Black or African American,169.0,0.004677941705649514
Perry,2020,Black or African American,370.0,0.0051631989506147
Perry,2021,Black or African American,199.0,0.005611324159711256
Perry,2022,Black or African American,229.0,0.006455978122973697
Perry,2023,Black or African American,233.0,0.006553964726730612
Pickaway,2010,Black or African American,3759.0,0.03370091447014524
Pickaway,2011,Black or African American,1864.0,0.03331784220498338
Pickaway,2012,Black or African American,1987.0,0.03533386680892683
Pickaway,2013,Black or African American,2014.0,0.03573963657013061
Pickaway,2014,Black or African American,2032.0,0.0358358464278786
Pickaway,2015,Black or African American,1984.0,0.03481251425663701
Pickaway,2016,Black or African American,2191.0,0.03809573487733208
Pickaway,2017,Black or African American,2178.0,0.037701881632017174
Pickaway,2018,Black or African American,2208.0,0.03800409645604916
Pickaway,2019,Black or African American,2223.0,0.03798636386938022
Pickaway,2020,Black or African American,4232.0,0.03607412585028215
Pickaway,2021,Black or African American,1994.0,0.033931762103292774
Pickaway,2022,Black or African American,2152.0,0.03586248271035046
Pickaway,2023,Black or African American,2334.0,0.03820842746292113
Ross,2010,Black or African American,9672.0,0.061923786109403814
Ross,2011,Black or African American,4693.0,0.06048148052684486
Ross,2012,Black or African American,4581.0,0.059217414909706695
Ross,2013,Black or African American,4544.0,0.05878471907786647
Ross,2014,Black or African American,4553.0,0.05904092535919913
Ross,2015,Black or African American,4486.0,0.0582090907911298
Ross,2016,Black or African American,4484.0,0.05831859327853501
Ross,2017,Black or African American,4662.0,0.06031125887786388
Ross,2018,Black or African American,4411.0,0.05739080654184936
Ross,2019,Black or African American,4271.0,0.05574771905551277
Ross,2020,Black or African American,8533.0,0.055600805374375284
Ross,2021,Black or African American,4213.0,0.0550718954248366
Ross,2022,Black or African American,4312.0,0.05636011920322058
Ross,2023,Black or African American,4310.0,0.05633913282179318
Union,2010,Black or African American,2443.0,0.023299507877770572
Union,2011,Black or African American,1295.0,0.024387487994576372
Union,2012,Black or African American,1174.0,0.022235690745861587
Union,2013,Black or African American,1240.0,0.023203592814371257
Union,2014,Black or African American,1269.0,0.023595254918002306
Union,2015,Black or African American,1297.0,0.02384454167739089
Union,2016,Black or African American,1395.0,0.02508947680797108
Union,2017,Black or African American,1421.0,0.024999120368741422
Union,2018,Black or African American,1440.0,0.02489798741268414
Union,2019,Black or African American,1480.0,0.025061807836895045
Union,2020,Black or African American,3246.0,0.026367520673240948
Union,2021,Black or African American,1794.0,0.02755506404939637
Union,2022,Black or African American,1779.0,0.026601471379867216
Union,2023,Black or African American,2010.0,0.02886396599508882
15County,2010,Two or more races,89033.0,0.020358375829982307
15County,2011,Two or more races,46364.0,0.021011996561145933
15County,2012,Two or more races,47796.0,0.021469528012667185
15County,2013,Two or more races,49902.0,0.022149970149783725
15County,2014,Two or more races,51680.0,0.022661657247696122
15County,2015,Two or more races,53635.0,0.023259293309511007
15County,2016,Two or more races,55711.0,0.023903416655546836
15County,2017,Two or more races,57668.0,0.024417869571789628
15County,2018,Two or more races,59544.0,0.024978657980237396
15County,2019,Two or more races,61452.0,0.025567756301653925
15County,2020,Two or more races,126355.0,0.026113203023927715
15County,2021,Two or more races,65064.0,0.026815344061009605
15County,2022,Two or more races,66957.0,0.02742708414831115
15County,2023,Two or more races,68867.0,0.02799679813579628
Delaware,2010,Two or more races,5523.0,0.01576360584991609
Delaware,2011,Two or more races,2896.0,0.016216458361331364
Delaware,2012,Two or more races,3028.0,0.016707681781564166
Delaware,2013,Two or more races,3199.0,0.01724110054164758
Delaware,2014,Two or more races,3354.0,0.017685302848947267
Delaware,2015,Two or more races,3509.0,0.01812275337768045
Delaware,2016,Two or more races,3631.0,0.01839021079608189
Delaware,2017,Two or more races,3825.0,0.019014998235209316
Delaware,2018,Two or more races,3981.0,0.019386696664670047
Delaware,2019,Two or more races,4015.0,0.019140192975096296
Delaware,2020,Two or more races,8450.0,0.019709833924239598
Delaware,2021,Two or more races,4539.0,0.020512287488363264
Delaware,2022,Two or more races,4782.0,0.021110159540185233
Delaware,2023,Two or more races,5071.0,0.02189210658101504
Fairfield,2010,Two or more races,5002.0,0.01708572580176869
Fairfield,2011,Two or more races,2561.0,0.0174004620192961
Fairfield,2012,Two or more races,2593.0,0.017601857257287155
Fairfield,2013,Two or more races,2671.0,0.01794785647090445
Fairfield,2014,Two or more races,2762.0,0.01836436170212766
Fairfield,2015,Two or more races,2841.0,0.018776022734782898
Fairfield,2016,Two or more races,2950.0,0.01930261926728566
Fairfield,2017,Two or more races,3016.0,0.019493530164557453
Fairfield,2018,Two or more races,3208.0,0.02055593289846343
Fairfield,2019,Two or more races,3326.0,0.021090277293393276
Fairfield,2020,Two or more races,6899.0,0.021616320494302177
Fairfield,2021,Two or more races,3525.0,0.021866024849729233
Fairfield,2022,Two or more races,3801.0,0.02332531480890547
Fairfield,2023,Two or more races,4026.0,0.02434687953555878
Fayette,2010,Two or more races,924.0,0.01591484524363148
Fayette,2011,Two or more races,468.0,0.016210599237963284
Fayette,2012,Two or more races,469.0,0.01630170316301703
Fayette,2013,Two or more races,487.0,0.016974555594283722
Fayette,2014,Two or more races,485.0,0.01692726511238308
Fayette,2015,Two or more races,538.0,0.01880001397770556
Fayette,2016,Two or more races,573.0,0.019968635650810244
Fayette,2017,Two or more races,593.0,0.020684362900694128
Fayette,2018,Two or more races,624.0,0.02180750681484588
Fayette,2019,Two or more races,609.0,0.021378922979709333
Fayette,2020,Two or more races,1235.0,0.02145810890641832
Fayette,2021,Two or more races,662.0,0.022879657150756894
Fayette,2022,Two or more races,675.0,0.023411487236403995
Fayette,2023,Two or more races,684.0,0.02373598917305757
Franklin,2010,Two or more races,58208.0,0.024959318043921503
Franklin,2011,Two or more races,30335.0,0.025687664755440053
Franklin,2012,Two or more races,31350.0,0.026141185750844065
Franklin,2013,Two or more races,32807.0,0.02690893760262995
Franklin,2014,Two or more races,33986.0,0.027435544311318272
Franklin,2015,Two or more races,35360.0,0.028110543759355937
Franklin,2016,Two or more races,36729.0,0.028802269740247112
Franklin,2017,Two or more races,38097.0,0.029387352723828156
Franklin,2018,Two or more races,39227.0,0.029976333468083042
Franklin,2019,Two or more races,40419.0,0.03064910681652393
Franklin,2020,Two or more races,82936.0,0.031307650057661854
Franklin,2021,Two or more races,42297.0,0.03210773783045608
Franklin,2022,Two or more races,43229.0,0.032706377248000726
Franklin,2023,Two or more races,44159.0,0.033300831106817703
Hocking,2010,Two or more races,587.0,0.009973325177973733
Hocking,2011,Two or more races,301.0,0.010213430151674528
Hocking,2012,Two or more races,309.0,0.010542476970317297
Hocking,2013,Two or more races,326.0,0.01137473831123517
Hocking,2014,Two or more races,345.0,0.01200041740582281
Hocking,2015,Two or more races,353.0,0.012385095782752088
Hocking,2016,Two or more races,360.0,0.0126747174594233
Hocking,2017,Two or more races,365.0,0.012834036568213783
Hocking,2018,Two or more races,363.0,0.012802878002327796
Hocking,2019,Two or more races,375.0,0.013279036827195468
Hocking,2020,Two or more races,780.0,0.013895074374276298
Hocking,2021,Two or more races,403.0,0.014341126650297142
Hocking,2022,Two or more races,400.0,0.01437917894888202
Hocking,2023,Two or more races,405.0,0.014705882352941176
Knox,2010,Two or more races,1296.0,0.010616424329305754
Knox,2011,Two or more races,683.0,0.011143742861804536
Knox,2012,Two or more races,701.0,0.01153320939109261
Knox,2013,Two or more races,724.0,0.01189185637791137
Knox,2014,Two or more races,752.0,0.012320799541246825
Knox,2015,Two or more races,742.0,0.012154967646817921
Knox,2016,Two or more races,746.0,0.012238938198283924
Knox,2017,Two or more races,765.0,0.012470453989730214
Knox,2018,Two or more races,808.0,0.013048884869430403
Knox,2019,Two or more races,826.0,0.013271421456000257
Knox,2020,Two or more races,1675.0,0.013375816523725105
Knox,2021,Two or more races,887.0,0.01418224261707945
Knox,2022,Two or more races,913.0,0.0144471169061333
Knox,2023,Two or more races,930.0,0.014687302590018951
Licking,2010,Two or more races,5546.0,0.016633375921493825
Licking,2011,Two or more races,2901.0,0.017350997338437153
Licking,2012,Two or more races,3042.0,0.018146460187549215
Licking,2013,Two or more races,3183.0,0.01888662093845679
Licking,2014,Two or more races,3304.0,0.019491935388717803
Licking,2015,Two or more races,3402.0,0.01992724972323264
Licking,2016,Two or more races,3574.0,0.02075903488493663
Licking,2017,Two or more races,3660.0,0.02105989987916451
Licking,2018,Two or more races,3861.0,0.02196045866132775
Licking,2019,Two or more races,4081.0,0.023033853725715963
Licking,2020,Two or more races,8335.0,0.02335492765156185
Licking,2021,Two or more races,4394.0,0.024408263480371735
Licking,2022,Two or more races,4436.0,0.024405138503012132
Licking,2023,Two or more races,4498.0,0.024552267727796246
Logan,2010,Two or more races,1593.0,0.017400707825403067
Logan,2011,Two or more races,825.0,0.01808219178082192
Logan,2012,Two or more races,834.0,0.01836518981766934
Logan,2013,Two or more races,874.0,0.0192515253639948
Logan,2014,Two or more races,879.0,0.01932845174483805
Logan,2015,Two or more races,882.0,0.01948955916473318
Logan,2016,Two or more races,940.0,0.02082179643371359
Logan,2017,Two or more races,933.0,0.02063383240816507
Logan,2018,Two or more races,944.0,0.020842993089134707
Logan,2019,Two or more races,993.0,0.021779181471246217
Logan,2020,Two or more races,2015.0,0.022035825988058005
Logan,2021,Two or more races,1040.0,0.02253130551583691
Logan,2022,Two or more races,1036.0,0.0224914246016239
Logan,2023,Two or more races,1039.0,0.022559002974574985
Madison,2010,Two or more races,1164.0,0.01339779005524862
Madison,2011,Two or more races,605.0,0.01403061224489796
Madison,2012,Two or more races,600.0,0.013954786491766676
Madison,2013,Two or more races,608.0,0.014053579270970576
Madison,2014,Two or more races,648.0,0.014731290351914159
Madison,2015,Two or more races,660.0,0.014949375976805816
Madison,2016,Two or more races,654.0,0.015069124423963133
Madison,2017,Two or more races,707.0,0.016040111622841843
Madison,2018,Two or more races,691.0,0.015565517086027077
Madison,2019,Two or more races,721.0,0.016089440328483442
Madison,2020,Two or more races,1424.0,0.01610713962537327
Madison,2021,Two or more races,725.0,0.016318537859007835
Madison,2022,Two or more races,769.0,0.017645304146302287
Madison,2023,Two or more races,824.0,0.01847450786960226
Marion,2010,Two or more races,1994.0,0.014999134954603923
Marion,2011,Two or more races,1015.0,0.015237037259434953
Marion,2012,Two or more races,967.0,0.014584998717968055
Marion,2013,Two or more races,1012.0,0.015334262682586823
Marion,2014,Two or more races,1065.0,0.016180000607699554
Marion,2015,Two or more races,1118.0,0.017076523598594778
Marion,2016,Two or more races,1164.0,0.01777614880652403
Marion,2017,Two or more races,1175.0,0.018045551579561687
Marion,2018,Two or more races,1215.0,0.01857059884449607
Marion,2019,Two or more races,1238.0,0.01902946646786664
Marion,2020,Two or more races,2617.0,0.02009861145244532
Marion,2021,Two or more races,1390.0,0.021283111315265658
Marion,2022,Two or more races,1448.0,0.022411738302713244
Marion,2023,Two or more races,1492.0,0.023006584324065937
Morrow,2010,Two or more races,802.0,0.011525803716424988
Morrow,2011,Two or more races,445.0,0.012782581219659323
Morrow,2012,Two or more races,468.0,0.013433221389821752
Morrow,2013,Two or more races,449.0,0.012883417979398008
Morrow,2014,Two or more races,450.0,0.012878852923499613
Morrow,2015,Two or more races,472.0,0.013503461692510156
Morrow,2016,Two or more races,496.0,0.014200641319285386
Morrow,2017,Two or more races,482.0,0.01379981676591846
Morrow,2018,Two or more races,479.0,0.013633905445023197
Morrow,2019,Two or more races,521.0,0.014741667138249108
Morrow,2020,Two or more races,1002.0,0.014234774331945846
Morrow,2021,Two or more races,530.0,0.015054679732992472
Morrow,2022,Two or more races,555.0,0.015706361784016302
Morrow,2023,Two or more races,594.0,0.01668773704171934
Perry,2010,Two or more races,865.0,0.011998058117761288
Perry,2011,Two or more races,448.0,0.012365784316431589
Perry,2012,Two or more races,437.0,0.01214462385015146
Perry,2013,Two or more races,431.0,0.011972222222222223
Perry,2014,Two or more races,471.0,0.013110282246840728
Perry,2015,Two or more races,489.0,0.01359466221851543
Perry,2016,Two or more races,501.0,0.013910870470637235
Perry,2017,Two or more races,501.0,0.013926337734537874
Perry,2018,Two or more races,501.0,0.013898906952227709
Perry,2019,Two or more races,510.0,0.01411686550225593
Perry,2020,Two or more races,1034.0,0.014429047878204324
Perry,2021,Two or more races,548.0,0.015452289645838033
Perry,2022,Two or more races,569.0,0.016041273152716303
Perry,2023,Two or more races,578.0,0.0162583330989283
Pickaway,2010,Two or more races,1230.0,0.011027434104357182
Pickaway,2011,Two or more races,646.0,0.011546848747006042
Pickaway,2012,Two or more races,703.0,0.012501111407486441
Pickaway,2013,Two or more races,725.0,0.012865559341283361
Pickaway,2014,Two or more races,772.0,0.013614799922402695
Pickaway,2015,Two or more races,809.0,0.014195223807267815
Pickaway,2016,Two or more races,849.0,0.014761879922800062
Pickaway,2017,Two or more races,872.0,0.015094600910522945
Pickaway,2018,Two or more races,892.0,0.01535310418423725
Pickaway,2019,Two or more races,934.0,0.015960082705353634
Pickaway,2020,Two or more races,1939.0,0.016528291593501204
Pickaway,2021,Two or more races,1045.0,0.01778269378031141
Pickaway,2022,Two or more races,1123.0,0.01871448331028047
Pickaway,2023,Two or more races,1153.0,0.018875028648135415
Ross,2010,Two or more races,3012.0,0.019283958205285803
Ross,2011,Two or more races,1574.0,0.020285073588164032
Ross,2012,Two or more races,1609.0,0.020799131322793728
Ross,2013,Two or more races,1676.0,0.02168203987114969
Ross,2014,Two or more races,1686.0,0.021863167176720783
Ross,2015,Two or more races,1736.0,0.022525854126928518
Ross,2016,Two or more races,1783.0,0.023189574445947353
Ross,2017,Two or more races,1847.0,0.023894228903349333
Ross,2018,Two or more races,1861.0,0.02421316957025202
Ross,2019,Two or more races,1962.0,0.02560923080939266
Ross,2020,Two or more races,4021.0,0.026200731092272708
Ross,2021,Two or more races,2014.0,0.026326797385620916
Ross,2022,Two or more races,2070.0,0.0270559941444032
Ross,2023,Two or more races,2170.0,0.028365642279185893
Union,2010,Two or more races,1287.0,0.012274443978178767
Union,2011,Two or more races,661.0,0.012447976497617747
Union,2012,Two or more races,686.0,0.012992916398348422
Union,2013,Two or more races,730.0,0.013660179640718563
Union,2014,Two or more races,721.0,0.01340597225837641
Union,2015,Two or more races,724.0,0.013310291576276796
Union,2016,Two or more races,761.0,0.013686804194169169
Union,2017,Two or more races,830.0,0.014601878892368319
Union,2018,Two or more races,889.0,0.01537104917352514
Union,2019,Two or more races,922.0,0.01561282893622786
Union,2020,Two or more races,1993.0,0.016189300277809366
Union,2021,Two or more races,1065.0,0.01635793936042761
Union,2022,Two or more races,1151.0,0.017210957593157484
Union,2023,Two or more races,1244.0,0.01786406651636343
15County,2010,White,3444351.0,0.7875887833542101
15County,2011,White,1728953.0,0.7835552258300178
15County,2012,White,1734915.0,0.7793080214264057
15County,2013,White,1744112.0,0.7741579242891986
15County,2014,White,1753006.0,0.7686923592328714
15County,2015,White,1759007.0,0.7628089819424448
15County,2016,White,1763608.0,0.7566953894393503
15County,2017,White,1772219.0,0.7503955815122328
15County,2018,White,1775539.0,0.7448371189636692
15County,2019,White,1777092.0,0.7393779727530231
15County,2020,White,3546608.0,0.73296106011069
15County,2021,White,1760100.0,0.7254040188396503
15County,2022,White,1756291.0,0.7194160587529539
15County,2023,White,1754591.0,0.7133014366515883
Delaware,2010,White,309881.0,0.8844544530830794
Delaware,2011,White,157271.0,0.8806556018456301
Delaware,2012,White,159102.0,0.8778816336890429
Delaware,2013,White,162108.0,0.8736856288231966
Delaware,2014,White,164853.0,0.8692531993313964
Delaware,2015,White,167333.0,0.8642162128661736
Delaware,2016,White,169220.0,0.8570618206865813
Delaware,2017,White,170980.0,0.8499828492172781
Delaware,2018,White,173029.0,0.8426176179832187
Delaware,2019,White,175196.0,0.8351893520460699
Delaware,2020,White,354324.0,0.8264694905766001
Delaware,2021,White,181107.0,0.8184443379940528
Delaware,2022,White,183103.0,0.8083089799846376
Delaware,2023,White,185182.0,0.7994525894075187
Fairfield,2010,White,261284.0,0.8924883607335726
Fairfield,2011,White,130845.0,0.8890134529147982
Fairfield,2012,White,130493.0,0.8858153332337727
Fairfield,2013,White,131055.0,0.8806276038166913
Fairfield,2014,White,131784.0,0.8762234042553192
Fairfield,2015,White,132222.0,0.8738483907210363
Fairfield,2016,White,132645.0,0.8679308246471547
Fairfield,2017,White,133335.0,0.8617937150169986
Fairfield,2018,White,133592.0,0.8560187617741667
Fairfield,2019,White,133831.0,0.8486268492038832
Fairfield,2020,White,267844.0,0.8392233289572216
Fairfield,2021,White,133905.0,0.8306298035469484
Fairfield,2022,White,133361.0,0.8183865583347653
Fairfield,2023,White,133535.0,0.807541122399613
Fayette,2010,White,54493.0,0.9385797206290153
Fayette,2011,White,27081.0,0.9380325597506062
Fayette,2012,White,26992.0,0.9381995133819951
Fayette,2013,White,26855.0,0.9360404322063437
Fayette,2014,White,26739.0,0.933233282144353
Fayette,2015,White,26628.0,0.930495859104728
Fayette,2016,White,26633.0,0.9281407910785852
Fayette,2017,White,26539.0,0.9257037217900869
Fayette,2018,White,26418.0,0.9232543510169847
Fayette,2019,White,26272.0,0.9222776100540616
Fayette,2020,White,52886.0,0.9188935608298294
Fayette,2021,White,26482.0,0.915255408861547
Fayette,2022,White,26342.0,0.9136376248612652
Fayette,2023,White,26293.0,0.9124128118818753
Franklin,2010,White,1571637.0,0.6739105918876214
Franklin,2011,White,790443.0,0.6693467872847965
Franklin,2012,White,797254.0,0.6647899491101573
Franklin,2013,White,803265.0,0.6588535301422425
Franklin,2014,White,808036.0,0.6522952828558928
Franklin,2015,White,811114.0,0.6448205766636378
Franklin,2016,White,813164.0,0.6376696580646982
Franklin,2017,White,817542.0,0.6306374549319872
Franklin,2018,White,816452.0,0.6239130551070267
Franklin,2019,White,815079.0,0.6180618851259435
Franklin,2020,White,1616527.0,0.6102254946556616
Franklin,2021,White,789559.0,0.5993558260320372
Franklin,2022,White,784008.0,0.5931680449108365
Franklin,2023,White,777964.0,0.5866719756150349
Hocking,2010,White,57114.0,0.9703858504510934
Hocking,2011,White,28569.0,0.9693936412066099
Hocking,2012,White,28381.0,0.9683043329921528
Hocking,2013,White,27775.0,0.9691207257501745
Hocking,2014,White,27831.0,0.9680684545549411
Hocking,2015,White,27567.0,0.9671952845414357
Hocking,2016,White,27432.0,0.9658134704080555
Hocking,2017,White,27436.0,0.9646976090014064
Hocking,2018,White,27316.0,0.9634253870842592
Hocking,2019,White,27164.0,0.9618980169971671
Hocking,2020,White,53977.0,0.9615569608978356
Hocking,2021,White,26994.0,0.9606063841144443
Hocking,2022,White,26707.0,0.9600618304694802
Hocking,2023,White,26413.0,0.9590777051561366
Knox,2010,White,117312.0,0.9609830022527135
Knox,2011,White,58749.0,0.9585413607440039
Knox,2012,White,58226.0,0.9579638373833929
Knox,2013,White,58266.0,0.9570316349659999
Knox,2014,White,58389.0,0.956647825018432
Knox,2015,White,58359.0,0.9559996723728397
Knox,2016,White,58229.0,0.9553098288845504
Knox,2017,White,58541.0,0.9542913032847012
Knox,2018,White,59014.0,0.953053083768027
Knox,2019,White,59246.0,0.9519111810922412
Knox,2020,White,119011.0,0.950369731525402
Knox,2021,White,59307.0,0.9482595973969908
Knox,2022,White,59821.0,0.9465947211848851
Knox,2023,White,59842.0,0.945072646873026
Licking,2010,White,308302.0,0.9246489475925692
Licking,2011,White,154219.0,0.9223900236251084
Licking,2012,White,154228.0,0.9200171800806509
Licking,2013,White,154690.0,0.9178672299622623
Licking,2014,White,155248.0,0.9158849834224158
Licking,2015,White,155894.0,0.913150696165088
Licking,2016,White,156458.0,0.908762473426809
Licking,2017,White,156946.0,0.9030784279878014
Licking,2018,White,157675.0,0.8968182645493016
Licking,2019,White,157448.0,0.888663122128529
Licking,2020,White,314855.0,0.882233442799341
Licking,2021,White,157222.0,0.8733536642947212
Licking,2022,White,157212.0,0.8649189888042252
Licking,2023,White,156990.0,0.8569276368578774
Logan,2010,White,86673.0,0.9467492462970245
Logan,2011,White,43138.0,0.9454904109589041
Logan,2012,White,42876.0,0.9441557297630582
Logan,2013,White,42710.0,0.9407696204762219
Logan,2014,White,42703.0,0.9390021329463245
Logan,2015,White,42478.0,0.9386366147387029
Logan,2016,White,42279.0,0.9365156717244435
Logan,2017,White,42304.0,0.9355773271114847
Logan,2018,White,42336.0,0.9347552493872955
Logan,2019,White,42377.0,0.9294424705005044
Logan,2020,White,84783.0,0.9271778832483979
Logan,2021,White,42641.0,0.9238051908661554
Logan,2022,White,42510.0,0.9228865442230038
Logan,2023,White,42429.0,0.9212280435113012
Madison,2010,White,78110.0,0.8990561694290976
Madison,2011,White,38760.0,0.898886827458256
Madison,2012,White,38594.0,0.8976183831054052
Madison,2013,White,38739.0,0.8954302752929755
Madison,2014,White,39140.0,0.8897881240338275
Madison,2015,White,39172.0,0.8872681147930871
Madison,2016,White,38610.0,0.8896313364055299
Madison,2017,White,38908.0,0.8827279533543572
Madison,2018,White,39235.0,0.8838105106660961
Madison,2019,White,39452.0,0.8803891814692493
Madison,2020,White,77529.0,0.8769455252918288
Madison,2021,White,38573.0,0.8682137390834609
Madison,2022,White,38045.0,0.8729721667699226
Madison,2023,White,38612.0,0.865701089637236
Marion,2010,White,119470.0,0.8986693345168157
Marion,2011,White,59688.0,0.8960278620109887
Marion,2012,White,59283.0,0.8941494095111687
Marion,2013,White,58934.0,0.8929935147584702
Marion,2014,White,58560.0,0.8896721460909727
Marion,2015,White,58064.0,0.8868794867878418
Marion,2016,White,57899.0,0.8842106870695317
Marion,2017,White,57542.0,0.8837252161626711
Marion,2018,White,57673.0,0.8814997095955737
Marion,2019,White,57297.0,0.8807199840140185
Marion,2020,White,114426.0,0.8787939297124601
Marion,2021,White,57060.0,0.8736793752870923
Marion,2022,White,56454.0,0.8737791948490149
Marion,2023,White,56419.0,0.8699788746511233
Morrow,2010,White,67471.0,0.9696477587916589
Morrow,2011,White,33658.0,0.9668227386321202
Morrow,2012,White,33588.0,0.9640919659002841
Morrow,2013,White,33558.0,0.9628991994490832
Morrow,2014,White,33632.0,0.9625368478291978
Morrow,2015,White,33579.0,0.9606625851118613
Morrow,2016,White,33571.0,0.9611486486486487
Morrow,2017,White,33530.0,0.9599748053137883
Morrow,2018,White,33681.0,0.9586713346426436
Morrow,2019,White,33811.0,0.9566804368739743
Morrow,2020,White,67243.0,0.955278373655723
Morrow,2021,White,33553.0,0.9530748473228234
Morrow,2022,White,33541.0,0.9492019470228662
Morrow,2023,White,33723.0,0.9474083438685209
Perry,2010,White,70355.0,0.9758651778902837
Perry,2011,White,35307.0,0.9745507742416296
Perry,2012,White,35035.0,0.9736542256065365
Perry,2013,White,35028.0,0.973
Perry,2014,White,34876.0,0.9707732561376162
Perry,2015,White,34881.0,0.9697247706422019
Perry,2016,White,34888.0,0.9687074829931973
Perry,2017,White,34807.0,0.9675330090340514
Perry,2018,White,34859.0,0.9670698551850413
Perry,2019,White,34896.0,0.9659257618955351
Perry,2020,White,69202.0,0.9656856588660498
Perry,2021,White,34184.0,0.9639070606812542
Perry,2022,White,34117.0,0.9618279721462604
Perry,2023,White,34140.0,0.9603105397879104
Pickaway,2010,White,104704.0,0.9387125694818003
Pickaway,2011,White,52456.0,0.9376184177599829
Pickaway,2012,White,52528.0,0.9340801991642216
Pickaway,2013,White,52513.0,0.9318746450880182
Pickaway,2014,White,52780.0,0.9308149480627127
Pickaway,2015,White,53028.0,0.9304627046375743
Pickaway,2016,White,53288.0,0.92653834785179
Pickaway,2017,White,53483.0,0.9258079592861224
Pickaway,2018,White,53717.0,0.9245770150949242
Pickaway,2019,White,54027.0,0.9232070538780951
Pickaway,2020,White,108326.0,0.9233851032272363
Pickaway,2021,White,54259.0,0.9233217050965711
Pickaway,2022,White,55060.0,0.9175596180445614
Pickaway,2023,White,55795.0,0.9133844088661887
Ross,2010,White,140929.0,0.9022805265314485
Ross,2011,White,69957.0,0.9015774415547594
Ross,2012,White,69774.0,0.9019506456908698
Ross,2013,White,69640.0,0.9009172175577951
Ross,2014,White,69388.0,0.8997873333679133
Ross,2015,White,69323.0,0.8995160055536092
Ross,2016,White,69052.0,0.8980855270003122
Ross,2017,White,69188.0,0.895069793917127
Ross,2018,White,68910.0,0.8965768485148128
Ross,2019,White,68648.0,0.8960359207967317
Ross,2020,White,137502.0,0.895959444578384
Ross,2021,White,68613.0,0.8969019607843137
Ross,2022,White,68365.0,0.8935666858367752
Ross,2023,White,68193.0,0.8914001124168311
Union,2010,White,96616.0,0.9214511883416625
Union,2011,White,48812.0,0.9192293930434455
Union,2012,White,48561.0,0.919750748134399
Union,2013,White,48976.0,0.9164670658682634
Union,2014,White,49047.0,0.9119593916180134
Union,2015,White,49365.0,0.9075449498106409
Union,2016,White,50240.0,0.9035808708476466
Union,2017,White,51138.0,0.8996516660216037
Union,2018,White,51632.0,0.8927311708970191
Union,2019,White,52348.0,0.8864429166525553
Union,2020,White,108173.0,0.8786980325898006
Union,2021,White,56641.0,0.869981261327681
Union,2022,White,57645.0,0.8619684191638256
Union,2023,White,59061.0,0.8481267142467367
15County,2010,Some other race alone,10671.0,0.0024400416528898407
15County,2011,Some other race alone,5319.0,0.0024105514991962563
15County,2012,Some other race alone,5414.0,0.002431919504991634
15County,2013,Some other race alone,5528.0,0.0024537099713038443
15County,2014,Some other race alone,5560.0,0.0024380575521902176
15County,2015,Some other race alone,5601.0,0.002428923311766032
15County,2016,Some other race alone,5671.0,0.0024332048581717455
15County,2017,Some other race alone,5753.0,0.0024359437408355716
15County,2018,Some other race alone,5834.0,0.0024473580991654065
15County,2019,Some other race alone,5892.0,0.0024514290849662326
15County,2020,Some other race alone,11785.0,0.002435551403877869
15County,2021,Some other race alone,5892.0,0.0024283168450674503
15County,2022,Some other race alone,5889.0,0.0024122660595517174
15County,2023,Some other race alone,5885.0,0.0023924543980304224
Delaware,2010,Some other race alone,542.0,0.0015469625874804489
Delaware,2011,Some other race alone,291.0,0.0016294852842359897
Delaware,2012,Some other race alone,304.0,0.0016773894523102728
Delaware,2013,Some other race alone,335.0,0.0018054919291816001
Delaware,2014,Some other race alone,346.0,0.001824423013039879
Delaware,2015,Some other race alone,339.0,0.0017508160145436515
Delaware,2016,Some other race alone,347.0,0.001757478145480698
Delaware,2017,Some other race alone,358.0,0.001779704409988218
Delaware,2018,Some other race alone,374.0,0.0018213073480498863
Delaware,2019,Some other race alone,388.0,0.0018496624842683346
Delaware,2020,Some other race alone,815.0,0.0019010076506810972
Delaware,2021,Some other race alone,420.0,0.0018980305673303747
Delaware,2022,Some other race alone,446.0,0.001968868915709455
Delaware,2023,Some other race alone,448.0,0.001934068970280958
Fairfield,2010,Some other race alone,632.0,0.0021587722324505824
Fairfield,2011,Some other race alone,336.0,0.002282918874847126
Fairfield,2012,Some other race alone,343.0,0.0023283598300229444
Fairfield,2013,Some other race alone,356.0,0.002392151592527886
Fairfield,2014,Some other race alone,360.0,0.0023936170212765957
Fairfield,2015,Some other race alone,354.0,0.0023395677747670347
Fairfield,2016,Some other race alone,357.0,0.0023359440943799934
Fairfield,2017,Some other race alone,376.0,0.002430227898499205
Fairfield,2018,Some other race alone,363.0,0.0023259986415655317
Fairfield,2019,Some other race alone,366.0,0.002320818246957889
Fairfield,2020,Some other race alone,736.0,0.0023060750665033197
Fairfield,2021,Some other race alone,363.0,0.00225173532495084
Fairfield,2022,Some other race alone,356.0,0.002184638798203196
Fairfield,2023,Some other race alone,362.0,0.002189163038219642
Fayette,2010,Some other race alone,144.0,0.0024802356223841263
Fayette,2011,Some other race alone,72.0,0.0024939383443020437
Fayette,2012,Some other race alone,71.0,0.002467848453249913
Fayette,2013,Some other race alone,69.0,0.002405019170442663
Fayette,2014,Some other race alone,74.0,0.0025827167387965934
Fayette,2015,Some other race alone,70.0,0.0024460984729356675
Fayette,2016,Some other race alone,72.0,0.002509147935180345
Fayette,2017,Some other race alone,75.0,0.0026160661341518713
Fayette,2018,Some other race alone,82.0,0.0028657300622073113
Fayette,2019,Some other race alone,77.0,0.0027030822158253176
Fayette,2020,Some other race alone,167.0,0.002901622823782882
Fayette,2021,Some other race alone,79.0,0.0027303518352111704
Fayette,2022,Some other race alone,80.0,0.002774694783573807
Fayette,2023,Some other race alone,76.0,0.00263733213033973
Franklin,2010,Some other race alone,6039.0,0.0025894949434311773
Franklin,2011,Some other race alone,2975.0,0.002519228701085682
Franklin,2012,Some other race alone,3018.0,0.002516558168932931
Franklin,2013,Some other race alone,3061.0,0.0025106915597784096
Franklin,2014,Some other race alone,3038.0,0.002452456411986845
Franklin,2015,Some other race alone,3074.0,0.0024437729501204796
Franklin,2016,Some other race alone,3088.0,0.002421558140920882
Franklin,2017,Some other race alone,3074.0,0.0023712292903128266
Franklin,2018,Some other race alone,3080.0,0.0023536621990388196
Franklin,2019,Some other race alone,3062.0,0.0023218675640712606
Franklin,2020,Some other race alone,6043.0,0.0022811822284466406
Franklin,2021,Some other race alone,2935.0,0.002227964407224829
Franklin,2022,Some other race alone,2838.0,0.002147185885165654
Franklin,2023,Some other race alone,2807.0,0.0021167923394288207
Hocking,2010,Some other race alone,184.0,0.0031262211801484957
Hocking,2011,Some other race alone,90.0,0.0030538495470123174
Hocking,2012,Some other race alone,89.0,0.0030365063118389627
Hocking,2013,Some other race alone,89.0,0.003105373342637823
Hocking,2014,Some other race alone,90.0,0.0031305436710842116
Hocking,2015,Some other race alone,86.0,0.0030173321170444177
Hocking,2016,Some other race alone,87.0,0.0030630567193606307
Hocking,2017,Some other race alone,93.0,0.003270042194092827
Hocking,2018,Some other race alone,99.0,0.0034916940006348533
Hocking,2019,Some other race alone,91.0,0.0032223796033994333
Hocking,2020,Some other race alone,192.0,0.0034203259998218582
Hocking,2021,Some other race alone,95.0,0.0033806626098715348
Hocking,2022,Some other race alone,105.0,0.00377453447408153
Hocking,2023,Some other race alone,107.0,0.0038852578068264343
Knox,2010,Some other race alone,268.0,0.002195371697726807
Knox,2011,Some other race alone,133.0,0.0021700114211127427
Knox,2012,Some other race alone,138.0,0.002270446356591698
Knox,2013,Some other race alone,130.0,0.0021352780789067375
Knox,2014,Some other race alone,134.0,0.0021954616203817483
Knox,2015,Some other race alone,136.0,0.0022278646899827996
Knox,2016,Some other race alone,141.0,0.002313257755975916
Knox,2017,Some other race alone,150.0,0.002445187056809846
Knox,2018,Some other race alone,156.0,0.0025193391579593355
Knox,2019,Some other race alone,166.0,0.0026671379681550153
Knox,2020,Some other race alone,338.0,0.0026991199910561705
Knox,2021,Some other race alone,183.0,0.0029259869209983533
Knox,2022,Some other race alone,189.0,0.0029906956136464334
Knox,2023,Some other race alone,185.0,0.0029216677195198987
Licking,2010,Some other race alone,948.0,0.00284320958773461
Licking,2011,Some other race alone,473.0,0.00282903196865935
Licking,2012,Some other race alone,482.0,0.002875277386718843
Licking,2013,Some other race alone,475.0,0.0028184558422139415
Licking,2014,Some other race alone,478.0,0.0028199591754864135
Licking,2015,Some other race alone,476.0,0.002788174858394691
Licking,2016,Some other race alone,471.0,0.0027357317937339544
Licking,2017,Some other race alone,502.0,0.002888543644628575
Licking,2018,Some other race alone,508.0,0.0028893843563725713
Licking,2019,Some other race alone,523.0,0.002951900391705329
Licking,2020,Some other race alone,1064.0,0.0029813608903733425
Licking,2021,Some other race alone,557.0,0.0030940834680398396
Licking,2022,Some other race alone,565.0,0.0031084092096938356
Licking,2023,Some other race alone,554.0,0.003024000960693446
Logan,2010,Some other race alone,244.0,0.002665268493030978
Logan,2011,Some other race alone,115.0,0.0025205479452054796
Logan,2012,Some other race alone,119.0,0.002620452743768167
Logan,2013,Some other race alone,127.0,0.0027974184453402056
Logan,2014,Some other race alone,134.0,0.002946544407062911
Logan,2015,Some other race alone,145.0,0.00320406584907745
Logan,2016,Some other race alone,151.0,0.003344777937756119
Logan,2017,Some other race alone,144.0,0.0031846429440254773
Logan,2018,Some other race alone,144.0,0.0031794396237663112
Logan,2019,Some other race alone,140.0,0.00307057946220994
Logan,2020,Some other race alone,287.0,0.003138601517902058
Logan,2021,Some other race alone,155.0,0.0033580311105333854
Logan,2022,Some other race alone,166.0,0.0036038383048934046
Logan,2023,Some other race alone,171.0,0.003712790672427644
Madison,2010,Some other race alone,205.0,0.0023595764272559853
Madison,2011,Some other race alone,97.0,0.0022495361781076067
Madison,2012,Some other race alone,99.0,0.0023025397711415015
Madison,2013,Some other race alone,98.0,0.002265215079860389
Madison,2014,Some other race alone,112.0,0.002546148949713558
Madison,2015,Some other race alone,116.0,0.0026274660807719314
Madison,2016,Some other race alone,119.0,0.0027419354838709676
Madison,2017,Some other race alone,131.0,0.002972071601969281
Madison,2018,Some other race alone,135.0,0.0030410199806275764
Madison,2019,Some other race alone,141.0,0.003146478621797733
Madison,2020,Some other race alone,279.0,0.003155823002443218
Madison,2021,Some other race alone,144.0,0.0032411992437201766
Madison,2022,Some other race alone,154.0,0.0035336499850852437
Madison,2023,Some other race alone,158.0,0.003542442042957715
Marion,2010,Some other race alone,256.0,0.001925666273008327
Marion,2011,Some other race alone,130.0,0.001951541717957186
Marion,2012,Some other race alone,134.0,0.0020210856548166694
Marion,2013,Some other race alone,140.0,0.0021213406873143827
Marion,2014,Some other race alone,138.0,0.0020965634590258578
Marion,2015,Some other race alone,141.0,0.0021536581640446005
Marion,2016,Some other race alone,143.0,0.002183839587055787
Marion,2017,Some other race alone,154.0,0.002365119100640425
Marion,2018,Some other race alone,168.0,0.002567786506893284
Marion,2019,Some other race alone,168.0,0.0025823508615521774
Marion,2020,Some other race alone,349.0,0.0026803268616367656
Marion,2021,Some other race alone,180.0,0.002756086357372531
Marion,2022,Some other race alone,178.0,0.0027550341283722082
Marion,2023,Some other race alone,190.0,0.002929792909901158
Morrow,2010,Some other race alone,107.0,0.0015377319172786457
Morrow,2011,Some other race alone,51.0,0.00146496998247781
Morrow,2012,Some other race alone,53.0,0.0015212836189328052
Morrow,2013,Some other race alone,53.0,0.0015207598060313907
Morrow,2014,Some other race alone,58.0,0.0016599410434732836
Morrow,2015,Some other race alone,62.0,0.0017737597985924359
Morrow,2016,Some other race alone,66.0,0.0018896014658726524
Morrow,2017,Some other race alone,66.0,0.0018896014658726524
Morrow,2018,Some other race alone,67.0,0.0019070389662141007
Morrow,2019,Some other race alone,72.0,0.002037236149623677
Morrow,2020,Some other race alone,144.0,0.002045716071656888
Morrow,2021,Some other race alone,74.0,0.002101974151398949
Morrow,2022,Some other race alone,81.0,0.002292279827937514
Morrow,2023,Some other race alone,78.0,0.0021913190054782977
Perry,2010,Some other race alone,184.0,0.002552188085165407
Perry,2011,Some other race alone,98.0,0.00270501531921941
Perry,2012,Some other race alone,101.0,0.0028068810271517104
Perry,2013,Some other race alone,121.0,0.003361111111111111
Perry,2014,Some other race alone,120.0,0.0033401992985581472
Perry,2015,Some other race alone,122.0,0.003391715318320823
Perry,2016,Some other race alone,134.0,0.0037206719422462863
Perry,2017,Some other race alone,138.0,0.0038359972202918692
Perry,2018,Some other race alone,142.0,0.0039394107529268155
Perry,2019,Some other race alone,160.0,0.00442882054972735
Perry,2020,Some other race alone,325.0,0.004535242321485885
Perry,2021,Some other race alone,166.0,0.004680803067899842
Perry,2022,Some other race alone,166.0,0.004679879338050802
Perry,2023,Some other race alone,168.0,0.004725605468200614
Pickaway,2010,Some other race alone,218.0,0.0019544558006096466
Pickaway,2011,Some other race alone,115.0,0.0020555535695134593
Pickaway,2012,Some other race alone,123.0,0.0021872499333155508
Pickaway,2013,Some other race alone,131.0,0.002324673480976718
Pickaway,2014,Some other race alone,135.0,0.0023808264113009893
Pickaway,2015,Some other race alone,132.0,0.0023161551823972205
Pickaway,2016,Some other race alone,137.0,0.00238207014066385
Pickaway,2017,Some other race alone,139.0,0.0024061347781682216
Pickaway,2018,Some other race alone,141.0,0.002426892029122704
Pickaway,2019,Some other race alone,142.0,0.002426479383469182
Pickaway,2020,Some other race alone,289.0,0.0024634740951634078
Pickaway,2021,Some other race alone,155.0,0.0026376244363141327
Pickaway,2022,Some other race alone,157.0,0.002616361424500475
Pickaway,2023,Some other race alone,165.0,0.0027011099106178174
Ross,2010,Some other race alone,448.0,0.002868264699856587
Ross,2011,Some other race alone,218.0,0.0028094955795551204
Ross,2012,Some other race alone,217.0,0.0028051034785868483
Ross,2013,Some other race alone,224.0,0.0028978382644018683
Ross,2014,Some other race alone,230.0,0.0029825198402406764
Ross,2015,Some other race alone,235.0,0.0030492947694862912
Ross,2016,Some other race alone,240.0,0.0031214233690562898
Ross,2017,Some other race alone,235.0,0.0030401428220287454
Ross,2018,Some other race alone,239.0,0.003109590288710496
Ross,2019,Some other race alone,258.0,0.003367574693589861
Ross,2020,Some other race alone,511.0,0.0033296626680306774
Ross,2021,Some other race alone,256.0,0.0033464052287581697
Ross,2022,Some other race alone,273.0,0.0035682543002039002
Ross,2023,Some other race alone,279.0,0.0036470111501810433
Union,2010,Some other race alone,252.0,0.002403387632090947
Union,2011,Some other race alone,125.0,0.002354004632681117
Union,2012,Some other race alone,123.0,0.0023296336982461456
Union,2013,Some other race alone,119.0,0.0022267964071856286
Union,2014,Some other race alone,113.0,0.0021010747090104494
Union,2015,Some other race alone,113.0,0.0020774350112144724
Union,2016,Some other race alone,118.0,0.002122263988057769
Union,2017,Some other race alone,118.0,0.0020759297702403153
Union,2018,Some other race alone,136.0,0.0023514765889757244
Union,2019,Some other race alone,138.0,0.0023368442442510246
Union,2020,Some other race alone,246.0,0.001998277906844508
Union,2021,Some other race alone,130.0,0.001996743771695389
Union,2022,Some other race alone,135.0,0.002018661403193971
Union,2023,Some other race alone,137.0,0.0019673449459339143
